,angle_R1X1R2,f_to_fg,f_atom_fraction,PPSA5,nARing,angle_R2X2R1,nFaHRing,distance_between_atoms_in_f_group_centers,nFARing,mol_num_cycles,f_freedom,identificator,mol_volume,nO,WPSA5,nFAHRing,dihedral_angle,RPCS,FPSA3,PNSA5,nAHRing,avg_atoms_in_cycle,angle_X1X2R2,nFaRing,naRing,nFHRing,nHRing,PBF,nFRing,TASA,dipole_moment,chirality,mol_weight,nN,tpsa+f,naHRing,nC,GeomShapeIndex,cis/trans,angle_X2X1R1,logP
0,116.75886864016148,2.0,0.2857142857142857,16.16125888584867,1,176.49496275750613,0,4.173805796449201,0,2,0,0,213.1,1,7.003699974614713,0,176.65805953399007,0.0,0.0296126215817304,-22.15308068351929,0,6.0,154.69874310434002,0,1,0,0,0.6443729712918029,0,329.897046716825,0.7070674651408291,0,164.15,1,60.55572962686436,0,13,0.8757903122701735,0,111.41190885582974,2.63
1,,0.0,0.0,16.178954463003187,1,,0,,0,2,1,0,202.14,1,6.805737109070617,0,,27.282694912264283,0.033182947143795,-11.645423016221184,0,6.0,,0,1,0,0,0.4808303885503841,0,386.2170026031236,0.5078535990288049,0,128.17,1,29.1,0,13,0.859999563218155,0,,2.88
2,,0.0,0.0,15.488152566630044,2,,0,,1,3,1,0,195.82,1,6.398578343043645,0,,16.638718018366784,0.0296517445236834,-13.22107907766412,0,4.0,,0,1,0,0,0.4828520954348051,1,374.39293772710914,0.5010310823904872,3,126.16,1,29.1,0,13,0.9582739106695084,2,,2.87
3,,0.0,0.0,15.945792965693858,2,,0,,1,3,1,0,195.58,1,6.565329147400505,0,,20.164803956033914,0.0326247528294922,-12.411147886626113,0,4.0,,0,1,0,0,0.6619857997173412,1,380.7788516391349,0.50585224041505,3,126.16,1,29.1,0,13,0.7543356260536737,1,,2.92
4,103.61050262439656,2.0,0.2857142857142857,16.47288569623169,2,117.19209613828556,0,4.245568406225269,1,3,0,0,207.02,1,7.112882414092715,0,2.0464016225144363e-06,11.184997724580647,0.0307486096621596,-24.041908046522217,0,4.0,138.26247289310174,0,1,0,0,0.5686488606279326,1,315.3506123571293,0.4938852929020028,3,162.14,1,60.47259247721406,0,13,0.8917720547342379,1,111.87620414509158,2.37
5,178.38904006428888,2.0,0.2857142857142857,16.751082185570393,2,134.6200472486615,0,5.646542896886273,1,3,0,0,206.1,1,7.182593075064716,0,172.1344503338609,13.42199726949678,0.0312537988410824,-23.19550574153344,0,4.0,131.59326334524167,0,1,0,0,0.5092653146118479,1,315.52335078887245,0.3993679124901231,3,162.14,1,63.64649279371132,0,13,0.8918694566760227,2,171.0495963794899,2.88
6,,0.0,0.0,15.254802996841155,1,,0,,0,2,1,0,171.81,1,5.791747265071259,0,,21.742879230255003,0.0347973760625621,-13.36263793066799,0,5.0,,0,1,0,0,0.4735359524552176,0,346.099749372459,0.5135142852675479,0,100.12,1,29.1,0,11,0.9261913075297316,0,,2.26
7,,1.0,0.1666666666666666,16.376176513976084,1,,0,,0,2,1,0,192.87,1,6.58249358735881,0,,21.139894117148376,0.0319990285780524,-18.235160264438463,0,5.0,,0,1,0,0,0.4475335401801365,0,339.3300350997094,0.4090477991405749,0,132.13,1,42.20452874971569,0,12,0.8696031334882842,0,,1.88
8,,1.0,0.3333333333333333,17.81613507483048,1,,0,,0,2,1,0,198.14,1,7.325462733049752,0,,10.439979749174524,0.0296496016271978,-22.541757407794844,0,5.0,,0,1,0,0,0.6435379717816732,0,316.2454746213596,0.2483701142269038,0,150.12,1,60.56564613898552,0,12,0.9487117122533276,0,,2.19
9,,1.0,0.5,17.77723217872871,1,,0,,0,2,0,0,203.38,1,7.375458070608578,0,,0.173454623770158,0.0222630270540219,-25.30222225492349,0,5.0,,0,1,0,0,0.7539504817986086,0,392.43018029579554,0.5912242784251608,0,168.12,1,77.97490238329513,0,12,0.8376223997292591,0,,2.51
10,169.4421852352424,2.0,0.5,17.198535213955942,1,129.182435860883,0,1.7031791658034563,0,2,0,0,203.88,1,7.407893301981969,0,179.99993918470847,0.8646745943733579,0.0282954279751068,-27.053688208613515,0,5.0,113.8216038280216,0,1,0,0,0.4941620477744243,0,396.41243364496336,0.2146938248541984,0,168.12,1,79.0032079858139,0,12,0.8450517584510517,2,143.01822160227374,3.02
11,132.56958498799258,2.0,0.5,16.517448011277725,1,132.59532826290342,0,5.273238772689302,0,2,0,0,204.39,1,7.104608503432769,0,6.618749844120114e-05,0.5188047566240147,0.0242967882356882,-27.946857841591584,0,5.0,146.72986203383056,0,1,0,0,0.4259355585954678,0,388.8426415148809,0.8473809353128332,0,168.12,1,78.46841887880335,0,12,0.8820412346293967,1,146.1817450920472,2.72
12,169.81613504538947,2.0,0.3333333333333333,16.97460069818347,1,129.16466682169258,0,5.055230833567594,0,2,1,0,198.57,1,7.129477019304094,0,179.70720582668127,11.090286494010757,0.0354019375741469,-23.64943647600296,0,5.0,113.94577024793278,0,1,0,0,0.5770452970519552,0,313.0126332046233,0.2663900871517844,0,150.12,1,61.118526117766685,0,12,0.7615593824177301,2,143.36540578247286,2.39
13,130.86964492771514,2.0,0.3333333333333333,17.754422439018153,1,130.331001217599,0,5.219897288723282,0,2,1,0,198.89,1,7.488362115887142,0,6.7918052024127625e-06,11.354340934344345,0.0356036581594652,-22.589587616601133,0,5.0,144.83596461814386,0,1,0,0,0.6978640012697866,0,317.67049908245974,0.5716602140643124,0,150.12,1,60.97386890234026,0,12,0.7200972195360423,1,145.2579462466399,2.23
14,169.79160749833093,2.0,0.1666666666666666,16.82011773012949,1,129.23563326470713,0,1.8039984622508465,0,2,1,0,193.21,1,6.941409257755571,0,179.99998154589412,25.853681157893934,0.0370496197797817,-17.286904910300787,0,5.0,113.98158980361644,0,1,0,0,0.6360348196849155,0,341.5017900775396,0.3579609265782811,0,132.13,1,45.73619392454,0,12,0.7593300167015813,2,143.29593505104825,2.14
15,109.33238312364874,2.0,0.1666666666666666,16.866718991875672,1,105.72149852281362,0,3.818519902589083,0,2,1,0,194.26,1,7.058125793299357,0,1.3131215713015022e-05,26.47516387803562,0.0360419988445948,-17.838229845013615,0,5.0,125.74403414914566,0,1,0,0,0.5579520677080879,0,337.2904089208858,0.7948984153856945,0,132.13,1,43.97661425914176,0,12,0.8215237924030663,1,131.1630705155388,1.96
16,119.18916239413664,2.0,0.5,16.57978659542037,1,132.99208711752286,0,2.4642228820078955,0,2,0,0,167.67,1,6.217361375333923,0,75.00362477736019,14.07191387308522,0.0310907493683302,-27.180317288857257,0,4.5,148.3658278275483,0,1,0,0,0.3169976971838015,0,249.22138985047764,0.1486146374994066,0,122.07,1,62.0179301143596,0,10,0.8198653500037173,0,122.68163878204732,2.07
17,104.91231253467404,2.0,0.4,17.13668409366511,1,108.79353198220863,0,1.7714018996803949,0,2,0,0,182.46,1,6.741538959836983,0,35.61363319832701,1.4233166724471105,0.0297195654638996,-23.777178388332644,0,5.0,136.05986357879306,0,1,0,0,0.4489483872799891,0,290.98601265610563,0.4925682300359092,0,136.1,1,63.09458068110308,0,11,0.934236397279258,0,117.16978259833265,2.03
18,150.33926952181153,1.0,0.4,15.673065118628568,1,176.50597784524396,0,1.4815634351916789,0,2,0,0,182.69,1,6.239905527862647,0,179.99998079372608,4.345586434353479,0.0310250638753075,-26.73332492796613,0,5.0,162.08340164491457,0,1,0,0,0.455781313231095,0,279.89147082532264,0.6166138522204985,0,136.1,1,63.25618083820541,0,11,0.9584364398926456,0,145.47748314380135,2.26
19,115.76584540926686,2.0,0.3333333333333333,17.7161041394295,1,129.10106654503724,0,1.551864520729773,0,2,0,0,197.51,1,7.29351956078817,0,106.9557608051152,0.2467476150590761,0.02873200821835,-21.66562027703755,0,5.5,127.23888378940072,0,1,0,0,0.5260974572968908,0,319.02190014764835,0.1098322616914486,0,150.12,1,58.919431426788144,0,12,0.8750309924347206,0,111.6790415851758,2.25
20,108.7745287104272,2.0,0.3333333333333333,15.952977537968284,1,123.53006248921083,0,3.0674227132642526,0,2,0,0,197.58,1,6.658032029851789,0,12.155855482703776,0.0,0.0301512920488097,-24.33289574121703,0,5.5,147.16615451387398,0,1,0,0,0.486297521971699,0,307.99766312898794,0.3724919646025041,0,150.12,1,62.594533219138654,0,12,0.8534866286730589,0,116.61326770094976,2.5
21,117.06887434337962,2.0,0.2857142857142857,18.08647240499828,1,128.19381468190937,0,2.6204648746429853,0,2,0,0,211.82,1,7.693980608517341,0,110.82578410233648,0.0,0.0287524904182823,-19.725208071202463,0,6.0,123.04611442715272,0,1,0,0,0.5724553636189635,0,344.00127364111046,0.0931254728787247,0,164.15,1,57.07105645886654,0,13,0.8144728826958533,0,111.46442290312208,2.5
22,102.12593435365336,2.0,0.2857142857142857,15.631645745571442,1,115.99148154521264,0,1.20942265304362,0,2,0,0,213.75,1,6.805890382749759,0,27.6562050624301,0.0,0.0266244724957234,-24.0517843628076,0,6.0,138.84748079595417,0,1,0,0,0.6000659810811694,0,327.1927450782173,0.4968507892482408,0,164.15,1,61.23427652978857,0,13,0.9385598360947472,0,110.67119420363566,2.72
23,119.48221770226088,1.0,0.25,18.123468578515816,1,133.41999014510694,0,2.792394969540747,0,2,0,0,228.92,1,8.059670792681985,0,122.82534248442886,0.0,0.0287940693543306,-19.27573251178975,0,6.5,120.84171762581884,0,1,0,0,0.7082818468874233,0,363.60746666654194,0.037531181695505,0,178.18,1,57.26214085639558,0,14,0.8759497765744838,0,109.66921259293144,2.9
24,99.01870647463228,2.0,0.25,16.08749460490176,1,99.71393638377472,0,3.194681424994396,0,2,0,0,229.26,1,7.21481352112393,0,2.0613654104193184,0.0,0.025550679573839,-22.043953249044648,0,6.5,123.98255442394064,0,1,0,0,0.8142578068027774,0,350.43195156113467,0.6032148258350407,0,178.18,1,55.969998544239736,0,14,0.968041201697476,0,111.56070270996392,3.03
25,127.27509114253854,2.0,0.25,16.758054002843952,1,155.45131772372213,0,1.0749109682400833,0,2,0,0,229.16,1,7.54550351062429,0,119.8927676794286,0.0,0.0304795288395847,-20.32776540553962,0,6.5,151.40627319865175,0,1,0,0,0.8058170498994124,0,354.9328361347001,0.7861734779637657,0,178.18,1,60.02719899113029,0,14,0.9285285996388408,0,124.69380934006212,2.95
26,,1.0,0.4,17.58746701126204,0,,0,,0,1,0,0,191.12,1,7.240215505252285,0,,0.0,0.0330661529823555,-23.18844843053099,0,6.0,,0,1,0,0,0.5518692304798849,0,325.0485220547848,0.6576720390589873,0,138.11,1,61.94861167846355,0,11,0.7440600402571431,0,,2.26
27,,1.0,0.4,17.007370724437926,0,,0,,0,1,0,0,191.45,1,7.005379296262694,0,,0.0,0.0328696066784384,-21.92640920447795,0,6.0,,0,1,0,0,0.572703922860685,0,326.06309915644056,0.0270496308085316,0,138.11,1,62.232391505936455,0,11,0.7859229372698834,0,,2.12
28,,1.0,0.4,17.045028850976927,0,,0,,0,1,1,0,191.59,1,7.229524511875352,0,,13.751576928943855,0.0371429251151406,-25.33046957717484,0,6.0,,0,1,0,0,0.2809318964127172,0,299.3729834286962,0.6494016365414849,0,138.11,1,61.85345097114745,0,11,0.9643430018601568,0,,2.06
29,,0.0,0.0,14.90336380830188,1,,0,,0,2,1,0,157.28,1,5.388031062161855,0,,29.4963111975155,0.0360232709503461,-14.639989115506346,0,4.5,,0,1,0,0,0.2890030212148852,0,325.1362064131209,0.5010547781392878,0,86.09,1,29.1,0,10,0.8343730701758801,0,,1.92
30,,0.0,0.0,15.254802996841155,1,,0,,0,2,1,0,171.81,1,5.791747265071259,0,,21.742879230255003,0.0347973760625621,-13.36263793066799,0,5.0,,0,1,0,0,0.4735359524552176,0,346.099749372459,0.5135142852675479,0,100.12,1,29.1,0,11,0.9261913075297316,0,,2.26
31,,0.0,0.0,15.648258605828287,1,,0,,0,2,1,0,187.35,1,6.256761800025264,0,,21.38072012380494,0.0328644838610689,-12.492190893804027,0,5.5,,0,1,0,0,0.5545652979017571,0,365.42440358207233,0.5089160785859065,0,114.14,1,29.1,0,12,0.8907746986019726,0,,2.68
32,,0.0,0.0,16.193360279674458,1,,0,,0,2,1,0,217.94,1,7.067568529452932,0,,22.233491974008288,0.0319360979266423,-11.36404611274688,0,6.5,,0,1,0,0,0.6557697414055297,0,404.6604621972969,0.5074899526962935,0,142.2,1,29.1,0,14,0.8750946556670395,0,,3.24
33,,0.0,0.0,15.507516134672173,0,,0,,0,1,1,0,180.95,1,6.241500218220169,0,,36.60288887313836,0.0358850181744939,-13.390826124167578,0,6.0,,0,1,0,0,0.4222064509189733,0,365.617495994388,0.503831001141053,0,102.13,1,29.1,0,11,0.8483570707681505,0,,2.29
34,,0.0,0.0,16.166657409969627,2,,0,,0,3,1,0,212.15,1,7.104086229184978,0,,21.427719642328945,0.0325265472717045,-12.551289373197204,0,4.33,,0,1,0,0,0.6135023259070952,0,407.4255062102944,0.5068730243949977,0,140.18,1,29.1,0,14,0.919924637491863,0,,3.27
35,151.27084621174646,2.0,0.125,16.07829430951966,2,150.21372183423497,0,1.351297367686365,0,3,1,0,217.42,1,7.156265514309476,0,115.56347543916796,26.814545596732444,0.0296763540597928,-17.478419901621685,0,4.33,147.45920785540554,0,1,0,0,0.5135302868756271,0,360.25832732457764,0.5715436728803344,0,158.17,1,46.17789053665859,0,14,0.9467849940167636,0,148.68624706816016,2.69
36,148.61363187233357,2.0,0.25,16.897689777889052,2,157.2348906214258,0,1.378256003045315,0,3,0,0,222.74,1,7.655457972648758,0,96.11666384748294,4.653528124165362,0.0300323662242409,-21.82158883878922,0,4.33,157.86319603008752,0,1,0,0,0.7674862990043216,0,339.60660833089514,0.6546989817702664,0,176.16,1,63.25075706338009,0,14,0.8889074611656634,0,148.41391534030905,2.93
37,157.24953292380826,2.0,0.4285714285714285,18.93493248210011,3,159.3481118738567,0,5.6948005556987376,1,4,0,0,219.99,2,8.48559559273305,1,0.0001615934953358,0.0,0.0291648245806242,-36.048065634441336,2,3.0,166.8315810161213,0,1,1,2,0.4093226484519686,1,397.7583747794454,0.2272600032943055,0,196.12,1,89.70385781793402,0,13,0.8953875458676485,0,162.84551687547935,2.05
38,156.79605444648095,2.0,0.2857142857142857,18.76807706967089,3,158.57979528167797,0,1.6188682194195272,1,4,1,0,214.34,2,8.256475924763627,1,1.1507742853185135e-05,33.89133960626531,0.0317991297179154,-30.433188095856373,2,3.0,166.12316569537833,0,1,1,2,0.4232140462358977,1,302.8787107612971,0.2102432406013549,0,178.13,1,71.69744453644351,0,13,0.9614461786083992,0,162.7055020851769,1.93
39,,0.0,0.0,17.660788895005794,3,,0,,1,4,1,0,186.82,2,6.96986969942145,1,,25.701330855820668,0.0345384370167808,-17.54101288704247,2,3.0,,0,1,1,2,0.429991073423503,1,337.74416994430226,0.5034164569000006,0,128.13,1,38.33,0,12,0.9539874245004532,0,,1.54
40,,0.0,0.0,17.434587971801154,0,,0,,0,2,1,0,184.63,1,6.991320346777683,0,,40.021194591699526,0.0392613652323854,-17.573461682097104,0,6.0,,0,2,0,0,0.0957121568969253,0,360.20503332713645,0.4774529597743909,0,122.12,1,29.1,0,13,0.906339698503716,0,,2.49
41,116.36132976083772,2.0,0.5,16.413188634470696,1,114.32989970181568,0,1.8219793082884803,0,2,0,0,204.23,1,6.936809677221722,0,96.49648608292644,0.5252229692099908,0.0253020626893941,-27.918059759942576,0,5.0,114.79989641365874,0,1,0,0,0.5504715912741219,0,389.2909116341421,0.1943204690785033,2,168.12,1,79.1394699175911,0,12,0.9087938312988504,1,117.41706270318718,2.88
42,116.2393990625636,2.0,0.3333333333333333,16.3682497558223,1,114.80138048129054,0,2.452497489393438,0,2,1,0,198.95,1,6.894385775581792,0,96.01465272354304,12.134165624982662,0.0298700884181259,-25.456676950920663,0,5.0,115.65964398782071,0,1,0,0,0.7015111872564055,0,305.0388138227126,0.5780823739990404,2,150.12,1,62.281619806427926,0,12,0.9152991718957344,2,117.4929107264839,2.22
43,117.21511549365697,2.0,0.1666666666666666,16.892747290687392,1,115.10527936997832,0,1.032945897323411,0,2,1,0,193.39,1,6.9660822803517775,0,96.86790321946678,18.438455579322984,0.035518685068512,-17.307661834057953,0,5.0,115.44038974382212,0,1,0,0,0.7420305735697262,0,345.6523305313949,0.6693705158815912,2,132.13,1,41.2237547653597,0,12,0.8272483341095788,2,118.18552585435737,2.11
44,136.73105589102647,2.0,0.6,16.019820974012315,1,138.77017534070905,0,4.009491316664875,0,2,0,0,189.7,1,6.616691333748955,0,136.2907165205502,0.6752336813052643,0.0253169834610731,-30.759039726229904,0,4.5,120.42129833254631,0,1,0,0,0.5680546505974253,0,369.28647724626313,0.7043809357351544,2,154.09,1,78.94673630414631,0,11,0.9497818254725564,2,118.55881206388317,2.98
45,91.70418871619223,2.0,0.6,18.22001004745886,1,93.26675782876384,0,1.044604857409117,0,2,0,0,189.54,1,7.469942148047182,0,2.5766943994986597,0.168808420326316,0.0309561104828719,-27.37084962400012,0,4.5,122.97913587301072,0,1,0,0,0.7035114236426173,0,384.1065108944276,0.8724145197805159,2,154.09,1,79.52574089725597,0,11,0.7727292913399274,1,119.87586477391947,2.12
46,136.1871265806597,2.0,0.4,16.04633217072569,1,138.22969979631557,0,1.54883123090151,0,2,1,0,184.99,1,6.536934991403146,0,135.4101781189867,11.670165284897086,0.0322293134497915,-27.785042687427016,0,4.5,120.1899155777992,0,1,0,0,0.4880658383493953,0,278.9189045362254,0.369322314154637,2,136.1,1,61.21032296695421,0,11,0.9634656322840098,2,118.28467511925764,2.28
47,90.34512950008,2.0,0.4,17.163233037383733,1,91.53240692044966,0,3.032622633050349,0,2,1,0,183.36,1,6.697250372297734,0,2.255595833895447,9.233537368270223,0.0339447822048716,-23.74487920284904,0,4.5,121.55268258690728,0,1,0,0,0.6452543117735957,0,288.9460669099542,0.6113773128366742,2,136.1,1,60.04773724816283,0,11,0.7947459539206406,1,119.28777834205157,2.35
48,137.9685112715461,2.0,0.2,15.84056728030555,1,137.39439691911687,0,0.9230230663738322,0,2,1,0,179.21,1,6.288094222616195,0,136.46488093070153,36.55762702329783,0.0340354742191171,-20.15255879670816,0,4.5,118.93574248667686,0,1,0,0,0.4001650804841252,0,308.3969502140603,0.4411720106241711,2,118.11,1,43.97276546302303,0,11,0.9729162680945568,2,119.48127281703258,1.12
49,,0.0,0.0,14.53061116757953,1,,0,,0,2,1,0,173.86,1,5.59063917017935,0,,29.26720500001305,0.0308059437298237,-14.895171730714436,0,4.5,,0,1,0,0,0.453418618019008,0,342.1575913984509,0.5018745933569979,2,100.12,1,29.1,0,11,0.9645061676963702,2,,2.42
50,,0.0,0.0,15.379494069079636,1,,0,,0,2,1,0,174.16,1,5.910605465284292,0,,23.599260369728828,0.0347971576221026,-13.494151916146333,0,4.5,,0,1,0,0,0.4701112131058212,0,355.78662170625324,0.4980554284231764,2,100.12,1,29.1,0,11,0.8258633703259562,1,,2.31
52,,0.0,0.0,16.582508027476816,2,,0,,0,3,1,0,182.92,1,6.703745430886514,0,,27.41659169161657,0.0348700529061498,-12.786148488621304,0,3.67,,0,1,0,0,0.6067776186063618,0,372.8520086544152,0.4998974170198433,0,112.13,1,29.1,0,12,0.8520650452575231,0,,2.35
53,119.00008317627189,2.0,0.3333333333333333,18.701494245385547,2,131.402359599268,0,2.639559181172333,0,3,0,0,193.42,1,7.856709705195578,0,74.44167710278985,10.534795077300512,0.0322444145073286,-24.35581569458142,0,3.67,146.21299752600888,0,1,0,0,0.5346718694001866,0,314.68114338742765,0.1591461066013208,0,148.11,1,61.24686814958336,0,12,0.8539530374628953,0,122.81247335190707,2.42
54,95.87550329740128,2.0,0.3333333333333333,15.726117726157716,2,112.11078681979023,0,0.9462433820032868,0,3,0,0,192.8,1,6.549459493366076,0,3.7812623087138006,13.255419491950402,0.0273311366120003,-27.43139812166125,0,3.67,136.8743977862929,0,1,0,0,0.6526390731172582,0,288.4028270347454,0.63745004989368,0,148.11,1,61.20804305234002,0,12,0.9465611821194968,0,105.35224496570136,2.66
55,128.97840749264788,2.0,0.3333333333333333,16.84533535649973,2,164.64619193155102,0,1.200667406092823,1,3,0,1,206.86,1,7.305759843250064,0,179.1602164744446,13.415551322026849,0.030615029557673,-24.621522480209958,0,4.0,147.72664412626102,0,1,0,0,0.4793491370063388,1,312.65724975397427,0.7629641182355811,3,133.14,1,63.69872695908264,0,13,0.9375040977891236,2,122.69717612785084,2.23
56,77.62632895668733,2.0,0.3333333333333333,16.662271343806477,2,106.66919557783066,0,1.553267648101961,1,3,0,1,207.34,1,7.300098838035053,0,2.2958466559623547,11.13743883338078,0.0309988299765817,-25.485827951012627,0,4.0,133.27366112811194,0,1,0,0,0.4539378908660415,1,313.62426048798767,0.3132040433412195,3,133.14,1,63.55225565168039,0,13,0.9632084672975652,1,87.15329472154954,2.47
57,110.72340232552908,2.0,0.3333333333333333,16.480026819852597,1,179.38295087909856,0,2.113486514905962,0,2,0,1,214.29,1,7.241067850895935,0,178.70516759609754,33.282577648744294,0.0298078767819824,-23.286109662954136,0,6.0,156.93161016928016,0,1,0,0,0.7039164243231276,0,330.4806995679532,0.6323578867098922,0,135.16,1,60.65795628428893,0,13,0.9309963436550176,0,105.81698539935672,2.31
58,,0.0,0.0,16.40646590937398,1,,0,,0,2,1,1,203.26,1,6.968083256740164,0,,28.143432551072696,0.0327797545922664,-12.44197500525422,0,6.0,,0,1,0,0,0.7087980923047984,0,385.1393969915789,0.4450662303702944,0,99.18,1,29.1,0,13,0.8756209008771929,0,,2.72
59,,0.0,0.0,15.888592603183106,2,,0,,1,3,1,1,196.22,1,6.62377406835739,0,,31.75630372867584,0.0328779986726052,-13.736444952042811,0,4.0,,0,1,0,0,0.4357298637476224,1,376.10618733580975,0.4389327059275356,3,97.16,1,29.1,0,13,0.9035219889818424,1,,2.3
60,,0.0,0.0,16.310561358512256,2,,0,,1,3,1,1,196.54,1,6.836573297831004,0,,31.75630372867584,0.0330284826653709,-13.307288510081438,0,4.0,,0,1,0,0,0.4761805653815703,1,378.7594319482711,0.4461173384046637,3,97.16,1,29.1,0,13,0.8731821965856591,2,,2.19
61,99.585829014565,3.0,0.5,17.5602746376936,3,102.04688679061384,0,1.2572050617090416,1,4,0,2,209.69,1,7.238439337934167,1,2.2001653585281598,0.0,0.0267156835479666,-22.45984446404343,2,3.0,120.83941293564096,0,1,1,2,0.4535721270961788,1,391.543893252076,1.024569424278263,0,151.13,1,70.65087417130039,0,13,0.8220228235189757,0,129.08995322780908,1.93
62,101.65850063289216,2.0,0.6,17.292004109268856,1,103.48984249432128,0,1.198593037507251,0,2,0,2,202.46,1,7.031908825573008,0,50.53267391068521,0.3334482103619106,0.0270644522037444,-24.332703544182607,1,5.5,116.423928279211,0,1,0,1,0.5958157463709893,0,378.2526070158896,0.8800699735886616,0,139.12,1,69.5180312120778,0,12,0.7964878737115648,0,124.88360455919818,2.12
63,,0.0,0.0,13.657808124128,3,,0,,1,4,1,2,177.94,1,5.179408933384411,1,,29.63550760049172,0.0335368848549053,-13.342916012536785,2,3.0,,0,1,1,2,0.3949130497943044,1,339.740187473928,0.5494406905166231,0,83.13,1,20.31,0,12,0.795170507539896,0,,1.47
64,,0.0,0.0,14.231520909635751,1,,0,,0,2,1,2,170.88,1,5.295375533562202,0,,30.413279848195486,0.0355932081831423,-12.77925136916378,1,5.5,,0,1,0,1,0.308923345573396,0,332.4453749173496,0.5268929569613229,0,71.12,1,20.31,0,11,0.7955084432431401,0,,1.19
65,,0.0,0.0,13.594935306919416,3,,0,,1,4,1,2,194.48,1,5.341968033977732,1,,24.50837282115097,0.0314415460206079,-12.147598276144947,2,3.0,,0,1,1,2,0.6081317577697422,1,357.8810905549529,0.5497944625022185,0,97.16,1,20.31,0,13,0.80785347094955,0,,1.75
66,98.35306402506409,3.0,0.4285714285714285,17.678976885742237,2,101.81462243699204,0,1.5334732236145583,1,3,0,2,223.63,1,7.5267008819737375,1,26.2626542586127,0.3413612446158254,0.0258418562123132,-21.182367540582288,1,4.33,119.16549501511172,0,1,1,1,0.6743244616567325,1,407.2431932955885,0.9682339874761297,0,165.16,1,69.56190503394797,0,14,0.808740412723883,0,126.78419556607282,2.2
67,93.00121821964768,3.0,0.375,18.162684702598305,3,99.9243339814062,0,1.62456152975622,1,4,0,2,238.95,1,8.010706413829869,1,4.326720196979196,0.0,0.0266438135508182,-19.810077188924865,2,3.5,118.71498208080553,0,1,1,2,0.6982848804449912,1,424.0654959477743,1.0074420564747153,0,179.19,1,66.71462629274744,0,15,0.8467508598637525,0,124.11203703336466,2.51
68,124.5001452534137,2.0,0.5,17.75720910257114,1,117.96718400882916,0,1.1850333626843257,0,2,0,2,217.22,1,7.562637082279614,0,104.567925534941,0.0,0.0267939432921555,-22.994162237533736,1,6.0,114.65860559603009,0,1,0,1,0.4859700924800365,0,406.7596581842382,0.7438794672233934,0,153.15,1,67.1086486590093,0,13,0.8365981817548114,0,122.59651693137396,2.54
69,,0.0,0.0,14.1169896745154,2,,0,,1,3,1,2,193.3,1,5.607268204311589,1,,26.90623306915004,0.0325345689150462,-12.342096921336903,1,4.33,,0,1,1,1,0.5852226871365523,1,360.2662181793649,0.5358218940664996,0,97.16,1,20.31,0,13,0.851490583760273,0,,1.65
70,,0.0,0.0,13.97335757309198,3,,0,,1,4,1,2,224.2,1,5.857389479392134,1,,15.199650935964977,0.0293257973910252,-10.85759307839296,2,3.5,,0,1,1,2,0.8640858568918462,1,387.3873810681476,0.4975929314903202,0,125.22,1,20.31,0,15,0.8835619749728306,0,,2.66
71,,0.0,0.0,14.644627760452677,3,,0,,1,4,1,2,208.7,1,6.033994158538865,1,,20.134594096559933,0.0315648481137976,-11.113570533999026,2,3.5,,0,1,1,2,0.6553920715031943,1,380.6161427050653,0.5245971629233473,0,111.19,1,20.31,0,14,0.8699817355643439,0,,2.01
72,,0.0,0.0,13.829488774449556,1,,0,,0,2,1,2,186.26,1,5.298127115369844,0,,19.44827660861744,0.032445438722891,-12.51279808167565,1,6.0,,0,1,0,1,0.5465622132527357,0,349.0517894364413,0.4966728419700285,0,85.15,1,20.31,0,12,0.7606330300458689,0,,1.39
73,99.3234254360596,2.0,0.375,17.93729585621476,2,101.8724494392184,0,1.764931725203945,1,3,0,2,240.46,1,7.945443432173064,1,40.13558221335193,0.3536079660415623,0.0245469809428201,-20.32992231012825,1,4.67,116.96171950314005,0,1,1,1,0.9727695798523828,1,424.6186952616653,0.9381924326071376,0,179.19,1,67.89356510869095,0,15,0.8555581244671074,0,125.58735134588292,2.67
74,,0.0,0.0,14.819705204507573,2,,0,,1,3,1,2,208.77,1,6.13144028138302,1,,25.524372180943537,0.0323422956249519,-10.970003158863191,1,4.67,,0,1,1,1,0.7349818347069654,1,380.0003118822348,0.5334324601415322,0,111.19,1,20.31,0,14,0.8526502580979894,0,,1.88
75,,0.0,0.0,14.632691996420515,2,,0,,1,3,1,2,223.99,1,6.257965624430451,1,,22.600104845891828,0.0308733142053138,-10.42119687706359,1,4.67,,0,1,1,1,0.7363705437310873,1,403.67130298925474,0.5246214272397556,0,125.22,1,20.31,0,15,0.872472740908165,0,,2.41
76,93.816180013354,4.0,0.25,15.359899723989589,2,99.40763226745982,0,2.094947126185174,1,3,0,2,235.5,1,6.844521506749366,1,0.882430185037632,37.67946830677173,0.0298342372043276,-20.67334055185208,1,5.0,111.94548019767456,0,1,1,1,0.6131019733894907,1,339.9226112539146,0.8038899654595544,0,161.2,1,50.756152451331815,0,15,0.7327442097091776,0,106.60495046185896,1.59
77,92.87643476064903,6.0,0.5,16.06782901027181,2,98.89788604230266,0,1.3952558588217494,1,3,0,2,245.37,1,7.260583347573593,1,0.8120884828273304,0.0,0.0264952877139195,-34.004314397599195,1,5.0,111.55802232927324,0,1,1,1,0.587904906281487,1,301.5981553144782,0.4546696401780716,0,197.18,1,80.52351869512496,0,15,0.7170689058130638,0,105.712593770623,1.84
78,171.30957908985232,2.0,0.25,16.202946843115654,2,152.19392272560677,0,0.7946407334690833,1,3,0,2,233.7,1,7.11110215307727,1,179.98334100742173,0.0,0.0286413638422547,-20.30109763271612,1,5.0,148.93824805168435,0,1,1,1,0.6301348836122136,1,350.1784363417569,0.5577589233684686,0,161.2,1,50.019998686147446,0,15,0.7143353296438797,0,164.57035741805132,2.18
79,,0.0,0.0,15.294260212474756,2,,0,,1,3,1,2,223.8,1,6.594604342129215,1,,24.06883714950572,0.0322493682490524,-10.494116060115063,1,5.0,,0,1,1,1,0.8059408281772312,1,397.9305709300154,0.5020807944557942,0,125.22,1,20.31,0,15,0.7740619373289965,0,,2.36
80,172.01240197855358,2.0,0.2857142857142857,17.437767203971532,2,151.75551762080244,0,1.6179544460403728,1,3,0,2,226.16,2,7.543171337980949,1,178.3696242330763,0.0,0.0339119959899692,-30.939016412589183,2,5.0,148.62786704819152,0,1,1,2,0.7201418135283945,1,316.4632228821225,0.4383507020777777,0,163.17,1,60.71570658338148,0,14,0.8324950056446185,0,165.1762805424726,1.19
81,,0.0,0.0,15.70881207914239,2,,0,,1,3,1,2,217.0,2,6.649313671978401,1,,36.93156248915376,0.0389661361658817,-18.051759426652666,2,5.0,,0,1,1,2,0.6153683710451527,1,370.0994277672031,0.7063528645938332,0,127.19,1,29.540000000000003,0,14,0.8509540050015717,0,,0.84
82,,0.0,0.0,15.804222894863392,2,,0,,1,3,1,2,243.02,3,7.287444639028267,1,,39.9548943715853,0.0311485197451349,-22.557790387914157,2,5.0,,0,1,1,2,0.6534338381987873,1,342.8056493571879,0.9702890683370252,0,175.25,1,54.45,0,14,0.8270146920048441,0,,-0.34
83,170.1523820386918,2.0,0.2857142857142857,16.887892144828193,2,154.0856146742847,0,2.556755881340888,1,3,0,2,248.52,3,7.798483932887732,1,178.4930970157715,0.0,0.0290933203955809,-35.52047951664355,2,5.0,150.70441486645703,0,1,1,2,0.5928728891823312,1,306.51747643068387,0.5819643448215192,0,211.23,1,84.71247519880588,0,14,0.7988032117473547,0,163.78161521718957,0.2
84,177.83666081647013,2.0,0.2857142857142857,15.41047696944332,2,148.6372368621506,0,1.799057145818903,1,3,0,2,218.75,1,6.589562574504167,1,178.9107216735429,0.0,0.0294363255869448,-23.12951560957213,1,4.67,146.70539603253215,0,1,1,1,0.5650621202857007,1,327.4835513465426,0.586483744063026,0,147.17,1,52.53646262908679,0,14,0.8972181385923496,0,170.81000965832908,2.09
85,,0.0,0.0,14.74031383301627,2,,0,,1,3,1,2,208.28,1,6.105338521235588,1,,27.76421221307772,0.0328184332064044,-11.44428367131392,1,4.67,,0,1,1,1,0.5892973255504724,1,378.801319850319,0.5042759496765574,0,111.19,1,20.31,0,14,0.8504782224897488,0,,2.31
86,162.0936718146357,2.0,0.4,14.824030395928574,1,160.6796823337528,0,0.8479642122868725,0,2,0,2,196.7,1,5.9420553669059775,0,179.52888120749458,30.417163371698106,0.0302753678441973,-25.173618241133067,1,6.0,155.72904717029203,0,1,0,1,0.5323024541250483,0,293.85250700463814,0.523822002880429,0,121.13,1,52.07084977281577,0,12,0.7828649862972562,0,156.77657756808702,1.51
87,,0.0,0.0,13.97636145034818,1,,0,,0,2,1,2,155.85,1,4.94563307182541,0,,31.87904479592171,0.0372278138699765,-14.01370352259164,1,5.0,,0,1,0,1,0.2465359320824603,0,308.84997377441255,0.5396180255699825,0,57.1,1,20.31,0,10,0.765231646292775,0,,1.13
88,178.6477600798977,1.0,0.3333333333333333,15.765229002108295,1,145.22219628787627,0,2.540963399742641,0,2,1,2,161.3,1,5.720404587517395,0,179.65566268735296,35.88266911290913,0.0392792160510147,-21.665803237330906,1,5.0,140.6008925925563,0,1,0,1,0.3362317186827188,0,276.685817213554,0.509415241176304,0,75.09,1,37.67345970916575,0,10,0.8172022105698203,0,165.91472353900394,0.94
89,167.1189338911339,1.0,0.6666666666666666,16.413006891227514,1,167.20231675348478,0,2.2825078802205594,0,2,0,2,166.82,1,6.11199796367488,0,2.5707012976842845,2.799054362588367,0.0339613165241161,-27.643760794967932,1,5.0,170.5254773617298,0,1,0,1,0.2707254546089065,0,243.40705897742885,0.4969689630314515,0,93.08,1,54.22833618039884,0,10,0.8071828979601646,0,169.77045490679805,1.34
90,,0.0,0.0,14.231520909635751,1,,0,,0,2,1,2,170.88,1,5.295375533562202,0,,30.413279848195486,0.0355932081831423,-12.77925136916378,1,5.5,,0,1,0,1,0.308923345573396,0,332.4453749173496,0.5268929569613229,0,71.12,1,20.31,0,11,0.7955084432431401,0,,1.19
91,146.392681701349,2.0,0.25,15.28330245522357,1,102.84456485648388,0,2.1314224847911696,0,2,1,2,176.47,1,5.773436665139516,0,81.37199633716857,35.16436860357683,0.0369787191887518,-18.82828522742503,1,5.5,103.57794092827886,0,1,0,1,0.3502296320098838,0,301.25825858817785,0.5809932034757082,0,89.11,1,36.55870784229758,0,11,0.7953906942785594,0,162.14535093347348,0.91
92,158.13904459340074,2.0,0.5,15.58856847637467,1,152.1303920196023,0,1.1477317856315286,0,2,0,2,181.44,1,6.0185226442530535,0,48.76935051158552,0.2295598176991527,0.0320300861389501,-26.11256907500033,1,5.5,155.27666022448005,0,1,0,1,0.3606121799814865,0,271.0747065789029,0.7133167653701952,0,107.1,1,53.2891864617838,0,11,0.8554036338176498,0,162.67989127889987,1.35
93,160.27391867816468,4.0,0.5,16.444204639402074,1,117.97743362844513,0,1.012969837408931,0,2,1,2,181.48,1,6.343064751223361,0,161.5872207255391,41.61846963838536,0.0366850870491699,-27.665319157330973,1,5.5,117.78855892310447,0,1,0,1,0.3655082047379973,0,268.41644721760485,0.5148841501746229,2,107.1,1,53.495514789308906,0,11,0.856467573581815,1,179.26826538386524,1.01
94,178.7890194524968,4.0,0.5,15.85527020979198,1,178.49830758282135,0,2.435910156519598,0,2,1,2,181.78,1,6.147017282195579,0,73.98194937269626,45.193062122663854,0.0353390772633149,-29.07660972330805,1,5.5,178.61792300027489,0,1,0,1,0.3457512574701014,0,262.19636416662064,0.4579362621692507,2,107.1,1,52.86091298802274,0,11,0.8425780855968653,2,178.82102291027343,1.08
95,116.48397642140267,2.0,0.2,14.936670404977631,1,88.92546149216803,0,2.419991191176265,0,2,1,2,191.03,1,5.930755694287321,0,40.69252649123029,36.45705466580066,0.0335897018644762,-18.68231993911002,1,6.0,96.06637324712295,0,1,0,1,0.5060535447614386,0,317.11187081131084,0.6474169250177267,0,103.14,1,35.50914175904215,0,12,0.8226738472632601,0,139.09704202118078,1.26
96,130.6244379384362,2.0,0.4,15.918824256564012,1,131.74006756843085,0,1.0475658049697776,0,2,0,2,196.48,1,6.43416486938041,0,1.3134551639295138,0.0,0.0308995872453667,-23.31329215191192,1,6.0,140.93969271183596,0,1,0,1,0.4841730540443571,0,298.3180916795296,0.8452386587467534,0,121.13,1,52.118216831818366,0,12,0.8479872283256139,0,139.87497443037978,1.65
97,161.1029949973734,4.0,0.4,15.464806566930132,1,145.5779694716486,0,1.4090039515749675,0,2,1,2,196.78,1,6.274925070386636,0,179.72249631428926,38.22762263697096,0.0341748296866943,-27.706223407627043,1,6.0,137.64094470759125,0,1,0,1,0.5049563545478033,0,291.546632077528,0.5177093605318307,2,121.13,1,51.84967275568116,0,12,0.8402429056176276,1,149.84743527201263,0.58
98,140.50296150912263,4.0,0.4,15.879445184174434,1,113.74230824698746,0,2.1389597663165483,0,2,1,2,196.71,1,6.36442179519882,0,51.88234772002861,29.247979735669052,0.0346881940884452,-26.02618693346747,1,6.0,118.5502339882692,0,1,0,1,0.4734406023216008,0,298.9162971351251,0.2825966649666864,2,121.13,1,51.16650018586749,0,12,0.8570989337192644,2,151.15085289959853,1.35
99,179.1812010296136,2.0,0.2,14.452149623840516,1,106.62427919525358,0,4.147455945407109,0,2,1,2,191.74,1,5.727073436028876,0,179.7298732744969,30.89687830449408,0.033420194927381,-17.9768311069217,1,6.0,101.58551657041416,0,1,0,1,0.5018997871436601,0,316.45486496739466,0.6161536509949491,0,103.14,1,35.93257982760818,0,12,0.8493628029037802,0,156.25926202516433,1.31
100,138.94194918922295,4.0,0.4,15.848675931264196,1,117.13117924746356,0,1.3083841189547345,0,2,1,2,196.1,1,6.414841708637292,0,37.8357410000296,43.606269499373134,0.0343668526150251,-25.582408707915224,1,6.0,121.99729938306314,0,1,0,1,0.4789206053596192,0,291.31531449638334,0.6924878695262189,2,121.13,1,52.23278733454952,0,12,0.8482714536447291,1,153.26121337738834,1.15
101,150.99204015118434,4.0,0.4,15.889777210163848,1,163.213339734644,0,1.7744149505957163,0,2,1,2,196.57,1,6.436360951384667,0,48.59437849166907,44.63229936994663,0.0341938842175546,-25.546604071266746,1,6.0,168.27980996930873,0,1,0,1,0.426732583666993,0,287.8432400616131,0.493894328476966,2,121.13,1,52.96663202648828,0,12,0.8420129807944428,2,151.26793978292818,1.26
102,,1.0,0.6,18.734289564934933,1,,0,,0,2,0,1,203.18,1,7.76824597654304,0,,0.1708595252683724,0.0256268096564296,-24.350633778419343,0,5.0,,0,1,0,0,0.6560399552084799,0,390.52175567908574,0.6961255562211047,0,139.12,1,79.32378211370033,0,12,0.9312452315342432,0,,2.51
103,,1.0,0.4,18.64590921578341,1,,0,,0,2,1,1,198.24,1,7.576661963551538,0,,6.626311745669798,0.0328258682984576,-21.21670713157963,0,5.0,,0,1,0,0,0.6374382726709933,0,321.82357149283564,0.5551428573629652,0,121.13,1,60.86928204822169,0,12,0.92928819701587,0,,2.48
104,,1.0,0.2,16.233658116562804,1,,0,,0,2,1,1,193.49,1,6.536527609598988,0,,23.01245504060135,0.0324163906612413,-19.153767886352774,0,5.0,,0,1,0,0,0.7681055475837005,0,337.35891923955216,0.2673831179923594,0,103.14,1,44.16886412923626,0,12,0.8013544393630779,0,,2.03
105,,0.0,0.0,15.370613609796962,1,,0,,0,2,1,1,171.96,1,5.934840296551566,0,,34.85967409211952,0.034156908175827,-14.69488979338373,0,5.0,,0,1,0,0,0.3524458968407972,0,342.662999418465,0.4449715898742774,0,71.12,1,29.1,0,11,0.9014934168682428,0,,1.95
106,166.9490450536144,2.0,0.6,16.995119070511944,1,128.98829091046085,0,4.947577496533261,0,2,0,1,204.15,1,7.348671064838085,0,178.91813803134403,1.231374296104788,0.0281009410878546,-28.443627036430204,0,5.0,112.96613254310412,0,1,0,0,0.4261463850227405,0,389.723377919937,0.8040085509651496,0,139.12,1,79.30123208522214,0,12,0.8921588318008818,2,140.1154947965935,2.82
107,86.21933887766245,2.0,0.6,17.191361464542354,1,89.35363127626135,0,2.265901368261489,0,2,0,1,204.46,1,7.537790199540468,0,1.4320851462506197,0.3518212274585108,0.0280915763499341,-28.902273735090773,0,5.0,116.11310175734104,0,1,0,0,0.3891635486906062,0,393.6455066429418,0.2448911234267581,0,139.12,1,78.7060957302385,0,12,0.8928045603827249,1,111.7764818171921,2.62
108,166.8949741102924,2.0,0.4,17.022014251770443,1,129.2439943763414,0,5.019628636723554,0,2,1,1,198.67,1,7.247900659184945,0,179.20778261142712,43.25591095528913,0.0337842292254258,-25.249967392437597,0,5.0,113.2020011130789,0,1,0,0,0.4221346209048283,0,305.8785630139433,0.5756011750911654,0,121.13,1,61.21327780769701,0,12,0.7850650628397676,2,140.08343016543347,1.97
109,85.89832662523405,2.0,0.4,17.413158306996184,1,89.47691914516717,0,2.584797189448244,0,2,1,1,199.14,1,7.338642022322395,0,0.6092584358451679,46.2257197671448,0.034079921767329,-24.06697083494131,0,5.0,116.36775073247608,0,1,0,0,0.4110009223391643,0,308.64825304424545,0.3336402628415084,0,121.13,1,61.01309953742946,0,12,0.7128271793837183,1,111.43304206481598,1.98
110,168.8136405983117,2.0,0.2,16.874790623894988,1,126.78298402641542,0,4.948170124843709,0,2,1,1,194.28,1,7.1123936813121205,0,179.97064804098963,42.84273762694435,0.0351163728268886,-19.021457521438503,0,5.0,111.13998399704666,0,1,0,0,0.3832314458696184,0,335.4846076976252,0.4163036469001362,0,103.14,1,45.84859147970107,0,12,0.768781279824552,2,141.13372539543616,1.78
111,85.43924765255015,2.0,0.2,16.637468160947982,1,89.34879207425504,0,1.0371592371519474,0,2,1,1,193.96,1,7.017484356468684,0,0.4783974980620959,40.55168213887246,0.0350626427265399,-19.443836207104884,0,5.0,116.41086717012216,0,1,0,0,0.3859277400742014,0,330.88809874673206,0.611035769510748,0,103.14,1,45.77172872059203,0,12,0.8674494805585333,1,111.0071348777515,1.77
112,124.5001452534137,2.0,0.5,17.75720910257114,1,117.96718400882916,0,1.1850333626843257,0,2,0,2,217.22,1,7.562637082279614,0,104.567925534941,0.0,0.0267939432921555,-22.994162237533736,1,6.0,114.65860559603009,0,1,0,1,0.4859700924800365,0,406.7596581842382,0.7438794672233934,0,153.15,1,67.1086486590093,0,13,0.8365981817548114,0,122.59651693137396,2.54
113,122.64859846504548,2.0,0.3333333333333333,17.50977935903021,1,116.19298605388794,0,1.5061653471356828,0,2,1,2,211.4,1,7.342720697793631,0,101.55844638952765,7.100733252472966,0.0328752419927574,-20.12776057842576,1,6.0,113.8037743798488,0,1,0,1,0.4980159798458888,0,327.671358606898,0.6221987660024337,0,135.16,1,52.978425625849454,0,13,0.851762029017147,0,122.42005588206288,2.04
114,122.78108177442417,2.0,0.1666666666666666,15.402667940089769,1,115.65263473980602,0,1.1357348829008431,0,2,1,2,208.48,1,6.366940580660143,0,102.19027476991025,18.854669205664003,0.0316520376842286,-17.56314912317634,1,6.0,112.99905653158416,0,1,0,1,0.7909681376652113,0,339.8216033962183,0.2857164861381652,0,117.17,1,33.58178125821512,0,13,0.7593341182473896,0,122.24535246841177,2.0
115,,0.0,0.0,13.829488774449556,1,,0,,0,2,1,2,186.26,1,5.298127115369844,0,,19.44827660861744,0.032445438722891,-12.51279808167565,1,6.0,,0,1,0,1,0.5465622132527357,0,349.0517894364413,0.4966728419700285,0,85.15,1,20.31,0,12,0.7606330300458689,0,,1.39
116,101.65850063289216,2.0,0.6,17.292004109268856,1,103.48984249432128,0,1.198593037507251,0,2,0,2,202.46,1,7.031908825573008,0,50.53267391068521,0.3334482103619106,0.0270644522037444,-24.332703544182607,1,5.5,116.423928279211,0,1,0,1,0.5958157463709893,0,378.2526070158896,0.8800699735886616,0,139.12,1,69.5180312120778,0,12,0.7964878737115648,0,124.88360455919818,2.12
117,99.79828757439402,2.0,0.4,16.560730487893412,1,101.67105233240024,0,2.1179124271506566,0,2,1,2,197.55,1,6.646141967716886,0,46.50893750264408,5.715031296036955,0.0318010665452569,-22.44176556725894,1,5.5,115.57295297882752,0,1,0,1,0.5504251088054097,0,297.3401910742677,0.6901307248426488,0,121.13,1,52.38555356583389,0,12,0.765592970111376,0,124.72963538877728,1.88
118,100.24461410847444,2.0,0.2,15.41681647043879,1,101.044434412895,0,1.5198757223299824,0,2,1,2,191.66,1,6.077753081299274,0,49.62495964934652,30.979311860955264,0.0346339729083458,-17.885404928940382,1,5.5,114.22719630119808,0,1,0,1,0.4708229398432176,0,325.9191217842021,0.4674375899686313,0,103.14,1,36.95169614842087,0,12,0.785130989956255,0,124.66393205367118,1.75
119,,0.0,0.0,14.231520909635751,1,,0,,0,2,1,2,170.88,1,5.295375533562202,0,,30.413279848195486,0.0355932081831423,-12.77925136916378,1,5.5,,0,1,0,1,0.308923345573396,0,332.4453749173496,0.5268929569613229,0,71.12,1,20.31,0,11,0.7955084432431401,0,,1.19
120,107.62076271810491,2.0,0.75,16.857813053336756,1,101.11186163585076,0,1.5868402191442204,0,2,0,2,188.15,1,6.624736302999465,0,44.39365565264945,0.4829330519094986,0.0280724849763455,-26.72300924536481,1,5.0,114.83204047029874,0,1,0,1,0.5344746536340275,0,350.7477875716806,0.8868796624474405,0,125.09,1,70.32111459561465,0,11,0.831081581930515,0,133.96553160960804,1.75
121,120.43853099989413,2.0,0.5,16.16901229642061,1,110.62391223927352,0,3.3197382374469173,0,2,1,2,182.9,1,6.302023633626379,0,79.45286592295811,7.778836503894934,0.0324666389498826,-25.12362469849409,1,5.0,115.28955001223883,0,1,0,1,0.5128700852022269,0,272.6906848094326,0.5311909881266424,0,107.1,1,53.94307949485288,0,11,0.8281206615866317,0,133.5564354187524,1.51
122,105.81754436057474,2.0,0.25,15.111608915435118,1,98.46644963001872,0,1.5303969237566952,0,2,1,2,177.64,1,5.743224742794583,0,41.87330635426157,35.460968064598994,0.0364797450472136,-19.892862279214427,1,5.0,112.69833564282573,0,1,0,1,0.4962375920977764,0,296.84562376129765,0.6713891782360344,0,89.11,1,34.45692116559361,0,11,0.8020695141553441,0,133.8722294025266,1.4
123,,0.0,0.0,13.97636145034818,1,,0,,0,2,1,2,155.85,1,4.94563307182541,0,,31.87904479592171,0.0372278138699765,-14.01370352259164,1,5.0,,0,1,0,1,0.2465359320824603,0,308.84997377441255,0.5396180255699825,0,57.1,1,20.31,0,10,0.765231646292775,0,,1.13
124,,1.0,1.5,18.317604882367608,0,,0,,0,1,0,1,164.18,1,6.720573870606774,0,,0.3272257647227658,0.0331231047891795,-29.510343241998637,0,6.0,,0,1,0,0,0.3688946765020977,0,334.8166554436257,0.6600212977258462,0,99.06,1,79.44624149114348,0,9,0.8109684937161725,0,,1.76
125,,1.0,1.0,17.15245126252363,0,,0,,0,1,1,1,158.95,1,6.331250952821295,0,,9.020352500222227,0.0369986329089848,-29.22660888843628,0,6.0,,0,1,0,0,0.1950880587668601,0,236.67370163374548,0.5569299358351956,0,81.07,1,62.80134940506633,0,9,0.8409664724954604,0,,1.37
126,,1.0,0.5,16.41792569644962,0,,0,,0,1,1,1,153.58,1,5.8293519601861465,0,,33.30337629688746,0.0419583096826334,-22.39705741882813,0,6.0,,0,1,0,0,0.3727031952739651,0,270.32367419429823,0.1999411562541947,0,63.08,1,45.918509317252045,0,9,0.8018908429177004,0,,1.07
127,,0.0,0.0,15.15306658151408,0,,0,,0,1,1,1,131.53,1,4.79879443750061,0,,32.21311786261479,0.042221676044265,-15.126716660416095,0,6.0,,0,1,0,0,0.1149680673552827,0,268.03535088811657,0.4370529603191758,0,31.06,1,29.1,0,8,0.809843898960563,0,,1.03
128,134.2679541124859,2.0,0.5,15.701919019420597,1,141.11050012865616,0,1.2640913308268389,0,2,0,2,218.66,1,6.771398018109497,0,86.58850132306041,0.8875853314251463,0.0265106897016303,-26.895467233545748,1,6.0,142.80988126896852,0,1,0,1,0.6147686404328944,0,395.1625406832497,0.8369550021838315,0,153.15,1,66.82380215110814,0,13,0.8539029204327143,0,136.83113671841605,2.21
129,131.36987425663975,2.0,0.3333333333333333,16.124370354191683,1,142.3169632465204,0,1.407753096695045,0,2,1,2,213.27,1,6.886904688165268,0,89.35181709228682,42.19285197385732,0.0343627681760959,-23.114617338058626,1,6.0,143.8579168340294,0,1,0,1,0.4912532466006863,0,314.8096340353175,0.5459928754216802,0,135.16,1,52.90705884732676,0,13,0.8631908425816314,0,133.01704852378714,1.73
130,131.7143242877989,2.0,0.1666666666666666,14.722712728151484,1,142.95824372568543,0,1.186666387971654,0,2,1,2,208.04,1,6.216450664147905,0,90.29771290229012,33.49134610695085,0.0343441309560949,-19.19647552645346,1,6.0,144.342769220479,0,1,0,1,0.5441597817672718,0,343.28195216826737,0.4911402725353792,0,117.17,1,36.77934126418082,0,13,0.6979696347881992,0,133.11300076829838,1.52
131,153.67724305597912,2.0,0.6,15.904001926569778,1,142.7788295541136,0,4.586342142842921,0,2,0,2,202.48,1,6.5500568472420735,0,78.88745701460883,0.0,0.0270757370332288,-27.352509550209863,1,5.5,144.06882589121523,0,1,0,1,0.6276777527660603,0,375.7543316626389,0.7626185612188651,0,139.12,1,69.61008019806374,0,12,0.8171047752826107,0,160.00679829333876,1.7
132,154.03501429573674,2.0,0.4,16.112096714889294,1,141.9357201505081,0,1.4758224758959215,0,2,1,2,197.25,1,6.574718852245443,0,73.25123840129211,45.37694280208528,0.0357985851695465,-23.944972866450552,1,5.5,143.5151694608489,0,1,0,1,0.4998477697541602,0,299.86071691727113,0.3772584156633154,0,121.13,1,51.93322349785689,0,12,0.7888751677916586,0,161.75694055059088,1.4
133,139.23017522594384,2.0,0.2,14.959085715926962,1,103.74093893739162,0,1.780965516657805,0,2,1,2,192.9,1,6.044809068114092,0,64.49551151883624,36.88990315005948,0.0376180810447895,-19.31353038686096,1,5.5,106.06875723987902,0,1,0,1,0.4657511538189153,0,327.1006113593937,0.3207886332573465,0,103.14,1,34.98411166473391,0,12,0.8458848427951167,0,159.37674556648648,1.4
134,178.84173168126,2.0,0.75,16.091849157109692,1,145.68172411002848,0,2.459675289844118,0,2,0,2,188.56,1,6.527921957850998,0,179.78940511947667,0.5036375125764638,0.029014844651286,-31.146396721019627,1,5.0,140.62832938712987,0,1,0,1,0.4744190197759695,0,361.5925405839495,0.5305150667934693,0,125.09,1,69.66343781318113,0,11,0.8067966274039247,0,164.6846482074316,1.66
135,176.09716837987148,2.0,0.5,16.149654969586383,1,142.8120230976554,0,1.0802963844232605,0,2,1,2,182.94,1,6.420083861920043,0,179.99093585996908,46.68539278138818,0.0364210491635265,-27.39493932274689,1,5.0,138.38096573968048,0,1,0,1,0.3627887554485666,0,273.70051756537515,0.457123672752339,0,107.1,1,53.7897209151632,0,11,0.8114134841307677,0,166.49815394758366,1.4
136,177.31502851394688,2.0,0.25,15.022564079930602,1,144.56836782996473,0,0.8378370915250554,0,2,1,2,177.91,1,5.877952020454563,0,179.762270031424,40.87154147830288,0.0383568267350784,-22.0334332135276,1,5.0,139.9304625672054,0,1,0,1,0.3589649603571447,0,302.54205887247934,0.1301308357333629,0,89.11,1,37.0117230397737,0,11,0.838440714476795,0,165.87025452961944,0.93
137,,1.0,1.0,16.575783973392372,0,,0,,0,1,0,1,180.25,1,6.572276680549651,0,,0.8585172873339025,0.0314507324321239,-31.376040583935826,0,6.0,,0,1,0,0,0.4431224587755288,0,359.9973509455582,0.7595058529301744,0,113.08,1,78.1384318834428,0,10,0.9493564510574174,0,,1.93
138,,1.0,0.6666666666666666,16.513532345023126,0,,0,,0,1,1,1,175.74,1,6.50295523794062,0,,38.47659447129327,0.0371469070797959,-28.66918857028813,0,6.0,,0,1,0,0,0.4373259780103826,0,267.6227403036838,0.5568668874983042,0,95.09,1,61.00932123212724,0,10,0.9544051868028024,0,,1.49
139,,1.0,0.3333333333333333,16.502692425139905,0,,0,,0,1,1,1,170.04,1,6.2072968026523405,0,,21.26081665801121,0.0389423415558442,-19.283910317440736,0,6.0,,0,1,0,0,0.6577524942029993,0,301.2070786515208,0.3841858708748418,0,77.1,1,42.236890550339766,0,10,0.7636244151229155,0,,1.28
140,,0.0,0.0,14.847936452295755,0,,0,,0,1,1,1,147.26,1,5.051098582062837,0,,21.5555508854769,0.0381887236695073,-14.558388130804726,0,6.0,,0,1,0,0,0.3883726017416657,0,305.0583565939145,0.4393457960098127,0,45.09,1,29.1,0,9,0.7186736397697125,0,,1.31
141,179.53544935972403,2.0,0.5,15.862044389003216,1,114.50726010863646,0,1.2109227437574528,0,2,0,2,218.54,1,6.893549400605176,0,179.7235940369514,0.1752531959311784,0.0276010689682537,-26.14974493982153,1,6.0,109.72327158485284,0,1,0,1,0.5318949254074932,0,398.0176242657895,0.6432052230930955,0,153.15,1,68.68093774737672,0,13,0.742391108223451,0,156.92980682773393,2.2
142,148.52196949007617,2.0,0.3333333333333333,15.537079274639373,1,147.949308666752,0,4.8992656681128,0,2,1,2,213.43,1,6.601621616093609,0,0.1544006257142019,29.30326633742684,0.0323338269855992,-23.116421900763527,1,6.0,152.59155980825938,0,1,0,1,0.7014215742239264,0,309.9003915809896,0.2802933909916059,0,135.16,1,51.02183780404408,0,13,0.777824201907892,0,157.86489312499944,1.67
143,148.00618390635103,2.0,0.1666666666666666,15.23869146663129,1,147.44911520015916,0,5.38595690823445,0,2,1,2,208.42,1,6.369276931315206,0,0.2688357850535813,25.20365170097088,0.0343920619481081,-16.963874067597295,1,6.0,152.1758351762265,0,1,0,1,0.7469085297047581,0,340.03672137205217,0.1755058472005385,0,117.17,1,35.23801243185645,0,13,0.7505241377802172,0,157.496381260716,1.45
144,,1.0,0.25,17.107156624274406,0,,0,,0,1,1,1,187.22,1,7.12609307511018,0,,38.61057337675711,0.0379030927003405,-19.720951862121623,0,6.0,,0,1,0,0,0.2797709822979915,0,328.7214814282493,0.4647647342279863,0,91.13,1,45.31270677607913,0,11,0.9682348994092234,0,,1.56
145,,1.0,0.5,17.155481789616903,0,,0,,0,1,1,1,191.42,1,7.153187700515099,0,,40.5157869705318,0.0365434733887107,-25.693087851486432,0,6.0,,0,1,0,0,0.4730953556703921,0,298.5599795645946,0.8742839251082306,0,109.12,1,61.61639903972891,0,11,0.9085202589163726,0,,1.76
146,,1.0,0.75,16.836716473681044,0,,0,,0,1,0,1,197.38,1,7.266767659128152,0,,0.1757718775135329,0.0279367510110759,-30.717296081574624,0,6.0,,0,1,0,0,0.4773548796722916,0,387.5850958989498,0.2274176510155877,0,127.11,1,78.36677805929837,0,11,0.7846433658052854,0,,2.28
147,,0.0,0.0,15.30831167699656,0,,0,,0,1,1,1,165.1,1,5.783977462792882,0,,33.79414227462242,0.035149401512259,-15.090548712124532,0,6.0,,0,1,0,0,0.2296903836539888,0,331.99960307712894,0.4402090188254843,0,59.11,1,29.1,0,10,0.8567900148054269,0,,1.72
149,103.46702098930828,2.0,0.5,16.973195362662686,1,109.585572215888,0,2.8314788491025147,0,2,0,1,182.59,1,6.810523751536556,0,39.54322907831124,2.577844370765005,0.0299362191726804,-26.07976479257536,0,5.0,136.15305762084503,0,1,0,0,0.3394208627188417,0,283.21007919642807,0.2924500589684961,0,107.1,1,62.55442045743364,0,11,0.8973467363572539,0,115.03581747684768,1.7
150,147.57921183445407,1.0,0.5,16.11643575774036,1,177.19172278960858,0,1.607801436402935,0,2,0,1,182.48,1,6.478506949120778,0,177.62440941841314,4.694229589795051,0.0315832019876363,-28.323645460423155,0,5.0,162.1570553803137,0,1,0,0,0.3599628411567245,0,275.7284672456819,0.791497519458521,0,107.1,1,63.51805660428786,0,11,0.8409475638759082,0,142.71776548896278,1.94
151,97.45064050837271,2.0,0.4,17.513589048767166,1,97.21966751718412,0,2.3457877407531207,0,2,0,1,198.06,1,7.3520465351015,0,14.536686004225356,0.0,0.0286655770298707,-23.9176632580724,0,5.5,128.5283789947429,0,1,0,0,0.5519051811179474,0,314.69336069219173,0.3031656650187436,0,121.13,1,61.72763128730608,0,12,0.8679733704911935,0,114.09129219445563,1.87
152,95.56391989302595,2.0,0.4,16.113954842204446,1,118.93102295529133,0,1.7256833806032192,0,2,0,1,198.54,1,6.806413021427588,0,22.046067847756422,41.710626414124256,0.0303609449154527,-26.108387851121684,0,5.5,145.36918983355554,0,1,0,0,0.5605115226304389,0,304.37880896233514,0.1139474527334141,0,121.13,1,61.190579244457766,0,12,0.9091860621567398,0,103.50229150990842,2.02
153,93.04680998819023,2.0,0.3333333333333333,17.888652291169045,1,90.7605678510914,0,2.1856296725909283,0,2,0,1,213.24,1,7.750104332435105,0,2.9159683634943354,0.0,0.0283892986202008,-21.84619010916297,0,6.0,123.88257558041398,0,1,0,0,0.6283786385652325,0,338.66767035752645,0.2132599870309996,0,135.16,1,59.19230808122199,0,13,0.8892348565774303,0,111.84888052728456,2.16
154,88.8797609777914,2.0,0.3333333333333333,16.59128579630503,1,111.80708192363038,0,0.9905591825210928,0,2,0,1,213.8,1,7.281128870744969,0,34.2826202582531,36.3448421580397,0.0304966873920133,-23.943524289208423,0,6.0,136.48970914088497,0,1,0,0,0.5918115083336832,0,331.8992589361904,0.1960876412893842,0,135.16,1,61.44738738595146,0,13,0.8805314712617379,0,97.35133040176582,2.31
155,110.72340232552908,2.0,0.3333333333333333,16.480026819852597,1,179.38295087909856,0,2.113486514905962,0,2,0,1,214.29,1,7.241067850895935,0,178.70516759609754,33.282577648744294,0.0298078767819824,-23.286109662954136,0,6.0,156.93161016928016,0,1,0,0,0.7039164243231276,0,330.4806995679532,0.6323578867098922,0,135.16,1,60.65795628428893,0,13,0.9309963436550176,0,105.81698539935672,2.32
156,90.58104741808263,1.0,0.2857142857142857,19.165271577809783,1,87.80286583993791,0,1.1553068380715277,0,2,0,1,229.21,1,8.532338339081646,0,4.930933839455341,0.0,0.0311073464888656,-18.394697803723727,0,6.5,121.75061280264188,0,1,0,0,0.7300460137419218,0,371.5349487859174,0.3039937477313871,0,149.19,1,59.647704494540775,0,14,0.8880424115847559,0,110.1579811521072,2.56
157,87.6729185561421,2.0,0.2857142857142857,17.185854815217695,1,113.52269289147831,0,2.889480780847027,0,2,0,1,229.05,1,7.796447742294773,0,49.11714174110298,36.23408696845091,0.0288101345701517,-21.775249323368687,0,6.5,134.67476671090395,0,1,0,0,0.7796960705530068,0,354.70579583932806,0.2074994264424555,0,149.19,1,59.41307831274466,0,14,0.8911575553285725,0,94.57388864605292,2.57
158,73.10144280856369,2.0,0.2857142857142857,16.400230205196912,1,106.07314694333664,0,2.391483502862344,0,2,0,1,228.97,1,7.466914262975837,0,2.38100019519998,37.200849906855865,0.0295885281401665,-22.509439564024504,0,6.5,132.65365289517752,0,1,0,0,0.7719803587786872,0,349.2659241281895,0.2758192127694583,0,149.19,1,60.0813529906846,0,14,0.9140221169791536,0,82.62569278716893,2.5
159,,1.0,0.5,17.015125765143782,0,,0,,0,1,0,1,191.67,1,7.051862586416647,0,,0.0,0.029755888666778,-26.0994745372591,0,6.0,,0,1,0,0,0.4592661391492317,0,307.9098312780389,0.4680215865706794,0,109.12,1,59.840595301095625,0,11,0.7586440072657212,0,,2.04
160,,1.0,0.5,16.881096289952286,0,,0,,0,1,0,1,192.18,1,6.979371990515189,0,,45.6389056972999,0.0310431396650972,-24.194584756338266,0,6.0,,0,1,0,0,0.4755395850286835,0,312.3333313940654,0.5945528020525648,0,109.12,1,61.23844441438992,0,11,0.7887127025767292,0,,1.81
161,,1.0,0.5,17.05731919305714,0,,0,,0,1,1,1,192.58,1,7.284070035222116,0,,43.966658415971416,0.0351137902655162,-27.236426298656703,0,6.0,,0,1,0,0,0.2784881034376733,0,294.2575217195094,0.8742839551965892,0,109.12,1,61.64781739849165,0,11,0.9724174817951964,0,,1.76
162,,0.0,0.0,15.01374510735175,1,,0,,0,2,1,1,157.35,1,5.481119045755539,0,,34.58156951008483,0.0349031903996685,-15.763243429911428,0,4.5,,0,1,0,0,0.3020545062474187,0,319.470646422228,0.4517776372540591,0,57.1,1,29.1,0,10,0.7943949308659994,0,,1.29
163,,0.0,0.0,15.779908056882183,1,,0,,0,2,1,1,187.41,1,6.411783265687784,0,,32.855984881791294,0.0331547556551649,-13.73295995413934,0,5.5,,0,1,0,0,0.5558446766386763,0,364.5191676707387,0.450465567046992,0,85.15,1,29.1,0,12,0.8943276137038965,0,,2.23
164,,0.0,0.0,16.68879403042944,1,,0,,0,2,1,1,219.26,1,7.421029624063831,0,,26.596686876569528,0.0320139742156874,-12.031993216839329,0,6.5,,0,1,0,0,0.8518405869030815,0,407.619090264653,0.4438646412877287,0,113.2,1,29.1,0,14,0.8994032625973826,0,,3.03
165,,0.0,0.0,15.383827121352816,0,,0,,0,1,1,1,181.02,1,6.178494028506792,0,,36.78791942516485,0.033462202018308,-14.93002401693014,0,6.0,,0,1,0,0,0.4447012006840169,0,354.46007314632897,0.4387410593522674,0,73.14,1,29.1,0,11,0.8650470245805233,0,,2.23
166,,0.0,0.0,16.576520501329103,2,,0,,0,3,1,1,212.16,1,7.3899771133175856,0,,40.61260622893508,0.0325562972658126,-13.234460772560762,0,4.33,,0,1,0,0,0.45413491574698,0,401.1267850145619,0.4440502624825636,0,111.19,1,29.1,0,14,0.9841958792783146,0,,3.26
167,148.91393220573687,2.0,0.1428571428571428,16.713553457062556,2,149.89402109742105,0,1.4332683924045149,0,3,1,1,217.72,1,7.545544242479362,0,114.60967217500236,44.66522276379252,0.0321850043061771,-17.885788369238906,0,4.33,147.22090969991058,0,1,0,0,0.467999723076401,0,364.3414636543629,0.5855032004687221,0,129.18,1,46.25854896910016,0,14,0.9199900680897384,0,146.366169656403,2.39
168,146.48197716475238,2.0,0.2857142857142857,17.13010194712173,2,156.88753911251695,0,8.524101660176688,0,3,0,1,223.73,1,7.962412439278911,0,96.5978802354054,25.920574776628897,0.0293013039586318,-23.62850720405681,0,4.33,157.46656435162652,0,1,0,0,0.7978822538910997,0,342.1226356492068,0.628146591755682,0,147.17,1,63.31263770604539,0,14,0.9550366218494106,0,146.236636481264,2.53
169,139.47474271380923,2.0,0.6,17.16014406720619,1,139.5838758083545,0,1.388101460011261,0,2,0,1,203.62,1,7.408671472401272,0,147.37807471918003,0.0,0.0271976653135204,-29.06785745875408,0,5.0,114.9677234919383,0,1,0,0,0.6128917197620509,0,391.1635284859474,0.8771646197807711,2,139.12,1,79.02141503031626,0,12,0.8232428925684775,2,114.72645355093854,2.54
170,119.56170406892552,2.0,0.4,17.022330700092972,1,120.33626690169592,0,2.2526114289342014,0,2,1,1,199.09,1,7.247034816623844,0,105.09829328301107,32.960014833085744,0.0315483540077475,-26.14649942033668,0,5.0,116.71667690506597,0,1,0,0,0.8385943459490758,0,307.7646739648977,0.8350786832577866,2,121.13,1,61.80777211055805,0,12,0.835049086480851,2,115.76533371994675,1.94
171,116.81684379750526,2.0,0.2,15.905795720661668,1,118.10333427034762,0,3.535197173173533,0,2,1,1,193.86,1,6.567005235997436,0,101.46209458706844,24.98518835260852,0.0339735678469947,-20.52231879959156,0,5.0,116.33160878813476,0,1,0,0,0.8093585919480127,0,337.6439241317721,0.6857362868065628,2,103.14,1,45.777120262300784,0,12,0.8814080664225878,2,114.72593607693062,1.85
172,140.63214024124352,2.0,0.75,16.77729533920642,1,140.27024442973592,0,2.2551307097586304,0,2,0,1,189.98,1,7.02217221559905,0,140.566148279275,0.5163510007916126,0.0277350728642396,-31.6458384313432,0,4.5,120.96357013734676,0,1,0,0,0.5285158912170088,0,373.3648576767474,0.8843066950591242,2,125.09,1,78.84093037932178,0,11,0.8467011863879671,2,121.01993385108965,1.79
173,93.72272156300166,2.0,0.75,16.993317842854555,1,94.78530811753478,0,2.269458316484791,0,2,0,1,190.54,1,7.030813779039852,0,0.3533705668651675,0.1721170002638708,0.0267206286060783,-30.724387385312617,0,4.5,122.92655430026451,0,1,0,0,0.4947901497882562,0,369.1130205254955,0.5183923595173908,2,125.09,1,77.9919925522163,0,11,0.7541395840206698,1,121.98726683393043,2.16
174,138.5477229050489,2.0,0.5,16.85998296504407,1,137.51472983496504,0,1.9383109535471208,0,2,1,1,184.98,1,6.956378720824144,0,136.57822034871455,47.82965473584547,0.0346990083602914,-28.495943910980987,0,4.5,119.50401303024414,0,1,0,0,0.4943484240497422,0,282.68984816882306,0.7094509033502845,2,107.1,1,61.116031911670255,0,11,0.8746298296057431,2,120.18971444902394,1.64
175,93.62777463341442,2.0,0.5,17.390763545922066,1,94.02909127846348,0,2.6716166908223737,0,2,1,1,184.68,1,6.974580872737257,0,2.218769136635632,44.7928512605537,0.0348298002522459,-26.09436439716382,0,4.5,121.94102180846798,0,1,0,0,0.4599379151401324,0,286.5024338824472,0.4735693712592238,2,107.1,1,61.55327488831015,0,11,0.7612356081772148,1,122.42909169428285,1.36
176,,0.0,0.0,15.156860844453943,1,,0,,0,2,1,1,174.14,1,5.894519090637794,0,,34.69509297425832,0.0334826696737696,-15.134974045494548,0,4.5,,0,1,0,0,0.399462353541145,0,344.4391054623396,0.4493489102240785,2,71.12,1,29.1,0,11,0.8872015981772615,2,,1.83
177,,0.0,0.0,15.457993971787667,1,,0,,0,2,1,1,174.25,1,6.056597403364025,0,,36.0295196271144,0.032037873473012,-14.947770123173726,0,4.5,,0,1,0,0,0.5097174061817611,0,347.4720698065694,0.4544256945745418,2,71.12,1,29.1,0,11,0.7821603836479655,1,,1.64
180,,0.0,0.0,15.517112093927048,2,,0,,0,3,1,1,182.33,1,6.26973020173918,0,,35.46421454737082,0.0330000313081355,-15.04290273901971,0,3.67,,0,1,0,0,0.4714560315246276,0,358.44822423344243,0.4571845587696244,0,83.13,1,29.1,0,12,0.7970999641512729,0,,2.08
182,138.81266359005244,2.0,0.4,16.898148064532208,2,147.8319850574904,0,4.985153198049546,0,3,0,1,193.63,1,7.206489250019818,0,139.1401097984828,13.388846641920123,0.0303273238486008,-28.09919141494624,0,3.67,137.03427488204724,0,1,0,0,0.5664045847374533,0,294.6794735027557,0.9673613931219156,0,119.11,1,64.7241459299265,0,12,0.8029471938671882,0,131.9780262889838,2.04
