,avg_atoms_in_cycle,chirality,PPSA5,tpsa+f,RPCS,mol_num_cycles,GeomShapeIndex,angle_R2X2R1,distance_between_atoms_in_f_group_centers,nC,nFARing,angle_R1X1R2,f_freedom,nFAHRing,cis/trans,dipole_moment,f_to_fg,identificator,nFRing,naRing,nFHRing,PBF,nARing,nF,dihedral_angle,nAHRing,nO,TASA,angle_X2X1R1,mol_volume,FPSA3,PNSA5,angle_X1X2R2,nHRing,fold_id,pKa
0,6.0,0,14.226839517068862,69.35046385130875,20.92354236027572,1,0.9480105509355536,176.20738886616874,1.6418532188585655,7,0,116.84824755409942,0,0,0,0.3645162106418635,2.0,0,0,0,0,0.599067910401728,1,2,177.37714121077377,0,2,150.0873028897533,111.45370089207896,139.38,0.0430794092975522,-28.942682930343423,154.50490918336376,0,0,4.32
1,6.0,0,13.888097806258338,37.3,16.72072983778262,1,0.8478666217071501,0.0,0.0,7,0,0.0,1,0,0,0.2534125643889748,0.0,0,0,0,0,0.5807023453619089,1,0,0.0,0,2,201.0448698508611,0.0,128.86,0.0464530009514433,-13.67650885498967,0.0,0,1,4.85
2,3.0,3,14.422664217950029,37.3,15.19776352121602,2,0.7124144704595539,0.0,0.0,7,1,0.0,1,0,2,0.2442372954813684,0.0,0,1,0,0,0.8125037251509408,2,0,0.0,0,2,196.99423106010576,0.0,122.04,0.0470225025317011,-13.789063102038476,0.0,0,0,4.35
3,3.0,3,14.472009242508014,37.3,17.778515817271572,2,0.8294732222987803,0.0,0.0,7,1,0.0,1,0,1,0.2461165758213561,0.0,0,1,0,0,0.6311312957986083,2,0,0.0,0,2,195.3931004192692,0.0,122.34,0.0476128489000869,-14.420449795431498,0.0,0,0,4.24
4,3.0,3,14.92007473347024,71.31501602232542,20.595645569371552,2,0.8004850388878918,131.7100546313876,1.858447673201752,7,1,123.731738974727,0,0,1,0.5967806967162913,2.0,0,1,0,0,0.7964923245058986,2,2,1.2099538459599175,0,2,137.36441803106385,130.16656374121976,132.52,0.0451859207676332,-29.793930518103025,146.9910021500618,0,0,3.8
5,3.0,3,14.721238775781188,71.54379598500583,21.43438226676678,2,0.8798207937895168,135.09594164283646,2.120074933236484,7,1,179.68239851077465,0,0,2,0.443854491125851,2.0,0,1,0,0,0.6888651599721769,2,2,178.17350777968704,0,2,132.84022962466886,170.17754544345078,132.44,0.0450266280175609,-30.891759065232336,131.7711972123317,0,1,3.76
6,4.0,0,13.637049631458243,37.3,15.75301298750428,1,0.6663346346635648,0.0,0.0,5,0,0.0,1,0,0,0.2749376521952997,0.0,0,0,0,0,0.7016151882984124,1,0,0.0,0,2,161.86023699331497,0.0,97.78,0.051031935789697,-17.451691745402464,0.0,0,0,4.5
7,4.0,0,14.533090158481006,52.53176724715814,9.852651933957173,1,0.7681413255079723,0.0,0.0,6,0,0.0,1,0,0,0.1472615628006759,1.0,0,0,0,0,0.7914635855727886,1,1,0.0,0,2,160.0972577919836,0.0,119.68,0.0464656204985072,-23.565672771545703,0.0,0,0,3.66
8,4.0,0,16.052588504511426,71.39419765658332,7.774418116543112,1,0.6778624096432074,0.0,0.0,6,0,0.0,1,0,0,0.415680682637275,1.0,0,0,0,0,0.8125898153874634,1,2,0.0,0,2,139.05925564526103,0.0,124.94,0.0433798439352485,-27.809313509685875,0.0,0,0,3.08
9,4.0,0,15.967207934441143,87.18599145218073,0.7873815420224571,1,0.767759046938773,0.0,0.0,6,0,0.0,0,0,0,0.477586507613744,1.0,0,0,0,0,0.7973793418068543,1,3,0.0,0,2,212.04828115840883,0.0,130.12,0.03581643481686,-30.412560021121227,0.0,0,1,2.9
10,4.0,0,14.005185797441891,86.83899789270555,0.4716831759309227,1,0.6229457006751816,171.50375913827546,5.055790872560269,6,0,128.12171658843644,0,0,2,0.2545750695556818,2.0,0,0,0,0,0.6540065210074811,1,3,179.99999765130556,0,2,213.6383729604581,113.59315284211615,130.94,0.0385267254074045,-35.97156180758108,144.37707029135925,0,0,3.83
11,4.0,0,14.741419717272937,86.94731827513812,0.1572277253103075,1,0.8575613232397992,132.68948883532207,1.498352188301075,6,0,133.02515276809766,0,0,1,0.395677214355561,2.0,0,0,0,0,0.658894080991424,1,3,1.2812404568082367e-05,0,2,212.6672017056574,146.7111289987638,130.94,0.0401965472906642,-35.65114514201758,146.5613396994849,0,0,3.88
12,4.0,0,14.455130491128031,69.89459512901678,22.354959514561923,1,0.6982012865406237,171.79855050316874,1.606435986917827,6,0,127.98577885945376,1,0,2,0.3499816092854382,2.0,0,0,0,0,0.6969982506556,1,2,179.5953211284142,0,2,124.20217726081256,113.53313176025196,124.89,0.048722222343033,-32.42283291856772,144.64454709626642,0,0,4.11
13,4.0,0,14.444846405010235,69.30100841493486,24.2335275409957,1,0.7472505352559793,130.99100461670517,1.3128742658120576,6,0,131.74773196754546,1,0,1,0.229961738507808,2.0,0,0,0,0,0.6085284906583982,1,2,2.282285201717909e-05,0,2,119.61213340278243,146.02379795750852,125.1,0.0468370215273792,-33.836905028895885,145.13712832823185,0,0,3.92
14,4.0,0,14.7434613912726,53.9634923411824,18.81293691908742,1,0.7369852285984115,129.86954427613617,1.9698414253271987,6,0,169.3263951428838,1,0,2,0.5545477396392865,2.0,0,0,0,0,0.7566788021710624,1,1,179.99999928388038,0,2,151.95387106950585,143.06299190253122,120.02,0.0500896185403708,-23.14241982800826,114.57818740539314,0,1,4.18
15,4.0,0,14.836270197587274,53.94977708507511,19.88092023763824,1,0.7497014588675519,131.2416513783521,1.3724615056509162,6,0,131.99394538270406,1,0,1,0.3334923044688394,2.0,0,0,0,0,0.7100627643370322,1,1,0.0305964349429392,0,2,150.96746505690336,146.2247768710286,120.08,0.0501258735177767,-23.550265972435845,145.3092287749146,0,0,4.12
16,3.0,0,15.647511650698288,71.96849934335359,27.43817898381783,1,0.5974848859274101,131.78974164848114,1.7354707723481757,4,0,113.93728475341402,0,0,0,0.5404336559791457,2.0,0,0,0,0,0.6237485624296953,1,2,68.01485011903459,0,2,74.18413824352477,118.02012398950647,94.8,0.0518944682075491,-43.36695442587725,151.7991179181965,0,1,3.25
17,4.0,0,14.973170172284703,71.19625827040826,19.173011894719075,1,0.6783905539619974,125.35662779502591,1.5573398804805345,5,0,113.54892979177116,0,0,0,0.5701149905469478,2.0,0,0,0,0,0.7071626712579546,1,2,84.33402019116885,0,2,108.9384863248536,115.8620544863835,108.14,0.0451671028694868,-33.89223604263279,136.4809158269887,0,1,3.62
19,5.0,0,15.180190460346552,69.52368806229495,18.911509222439424,1,0.7432703191313329,125.88986895653304,1.2719356012917198,6,0,111.91894281660896,0,0,0,0.5254754383956883,2.0,0,0,0,0,0.7594846882172082,1,2,100.75889440468464,0,2,135.55657649332557,109.6215647199389,123.51,0.0425811859490791,-29.050345611389066,127.78689240827444,0,1,3.76
20,5.0,0,13.206248345831114,69.95463158875981,23.959083180570563,1,0.9212469923616556,119.5134162345996,1.8275760561371728,6,0,95.72251248305469,0,0,0,0.6352930549698548,2.0,0,0,0,0,0.6110579242547812,1,2,25.67702780889899,0,2,120.1292670855177,103.20760918952917,123.45,0.0439471474020902,-35.99139820379941,146.34864055347808,0,0,3.98
21,6.0,0,15.919944567693657,69.87951681258363,23.50671740750368,1,0.8567741221390269,126.63825110188506,2.451301464360601,7,0,115.41382670766646,0,0,0,0.4731799079072844,2.0,0,0,0,0,0.6207785552918198,1,2,108.80350870606324,0,2,158.31308881860684,110.36781532150366,138.74,0.0433647072309179,-24.95173561988011,122.51554783322288,0,1,3.81
23,7.0,0,15.628378678838564,63.886545088313134,6.146965759162364,1,0.7102688409030519,129.0459475303177,2.8766409149260035,8,0,119.2168678217085,0,0,0,0.43442605858601,1.0,0,0,0,0,0.8478883846511579,1,2,115.85471137445384,0,2,182.06296389139644,111.73009521109194,154.06,0.0384648840094387,-23.252160016889395,120.41303014656776,0,0,3.78
24,7.0,0,14.196844698819575,68.2342847014452,7.145423127159609,1,0.6880421818560744,104.8266138849039,2.272670170443212,8,0,82.63435142033606,0,0,0,0.6947270687489867,2.0,0,0,0,0,0.7361649905506692,1,2,42.97102962365911,0,2,171.19160296594947,91.17000173990564,154.3,0.0384807558153738,-27.076422683959528,128.700029863474,0,1,4.09
25,7.0,0,14.11738357175663,69.0653140858843,19.181318821573765,1,0.8082580039745423,154.8429681934968,2.311998942357128,8,0,128.76866079858837,0,0,0,0.3582333801949763,2.0,0,0,0,0,0.7218975429043217,1,2,119.71178756115462,0,2,166.19199670415207,126.14585888077616,155.18,0.0412257699900023,-26.21332591759056,150.7004402494903,0,1,4.36
27,0.0,0,15.22109798307842,68.60483479562983,18.356992887543772,0,0.7759302367317907,0.0,0.0,5,0,0.0,0,0,0,0.6607192214798676,1.0,0,0,0,0,0.7048692041461937,0,2,0.0,0,2,144.9914085338705,0.0,117.0,0.0447351098721081,-29.896563070368387,0.0,0,1,4.17
28,0.0,0,14.44642691416415,69.16207539812513,18.598915051518738,0,0.763238636493066,0.0,0.0,5,0,0.0,1,0,0,0.3441142006885662,1.0,0,0,0,0,0.7151239957379678,0,2,0.0,0,2,116.84018181908333,0.0,118.3,0.0498035285406461,-36.14166525567124,0.0,0,1,4.38
29,3.0,0,13.857664796449882,37.3,19.85637346226349,1,0.4927333474593312,0.0,0.0,4,0,0.0,1,0,0,0.2473974129983841,0.0,0,0,0,0,0.6332140660674527,1,0,0.0,0,2,136.27798744485057,0.0,83.72,0.0551375633028044,-21.17891174986713,0.0,0,1,4.6
30,4.0,0,14.147349429531223,37.3,16.554013647885853,1,0.8249752268420897,0.0,0.0,5,0,0.0,1,0,0,0.2749376657092865,0.0,0,0,0,0,0.5399706270189355,1,0,0.0,0,2,160.68845734846897,0.0,98.32,0.0507026175687657,-17.30269723704041,0.0,0,1,4.5
31,5.0,0,14.31841187450095,37.3,17.14943234202641,1,0.8819441023858844,0.0,0.0,6,0,0.0,1,0,0,0.2496692677092228,0.0,0,0,0,0,0.5701201812784207,1,0,0.0,0,2,183.29248689417105,0.0,113.35,0.0486064839811568,-14.637306275249518,0.0,0,1,4.69
32,7.0,0,14.213200498366394,37.3,7.118665215720119,1,0.64857051340506,0.0,0.0,8,0,0.0,1,0,0,0.2484565574620438,0.0,0,0,0,0,0.7896975508791731,1,0,0.0,0,2,224.69526115628696,0.0,145.6,0.0425417609912928,-12.596998132233406,0.0,0,1,5.08
33,0.0,0,14.05323334628104,37.3,13.165660930494102,0,0.6536152540778717,0.0,0.0,5,0,0.0,1,0,0,0.2445878379821489,0.0,0,0,0,0,0.5677041561624285,0,0,0.0,0,2,182.4656187244622,0.0,107.31,0.0465283017808811,-16.71489383167601,0.0,0,0,4.75
34,3.5,0,14.484587122541914,37.3,16.740703792660163,2,0.8634112364344613,0.0,0.0,8,0,0.0,1,0,0,0.2750855524826595,0.0,0,0,0,0,0.776863464692186,2,0,0.0,0,2,219.20696270393117,0.0,138.19,0.0443449585538468,-13.609751264631171,0.0,0,0,4.59
38,2.0,0,16.195704443667108,79.9756459944716,26.47462509630732,3,0.7980926853922345,159.0572456958172,1.274845141183338,7,1,157.0060442232913,1,1,0,0.4736367208420352,2.0,0,1,0,1,0.6427351311944098,3,2,2.04682444589272,2,3,127.45886331662538,162.7111158109667,140.12,0.0501580183630483,-48.547015157743054,166.58730343830567,2,1,2.93
39,2.0,0,16.990519695938254,46.53,20.305376482980613,3,0.8863418186260281,0.0,0.0,6,1,0.0,1,1,0,0.6192674807833284,0.0,0,1,0,1,0.640948957369094,3,0,0.0,2,3,162.06424385898123,0.0,113.06,0.0542869664364681,-21.334637960161764,0.0,2,1,3.59
40,6.0,0,17.390413934456365,37.3,30.58323903529288,1,0.843417286690292,0.0,0.0,7,0,0.0,1,0,0,0.2164026832854288,0.0,0,0,1,0,0.0626552102838983,0,0,0.0,0,2,178.88068785876368,0.0,111.75,0.0620351549895803,-20.9138963781408,0.0,0,1,4.2
41,4.0,2,14.118998572204276,86.91637129051837,0.4786735772335248,1,0.7161804826385444,113.68295849563492,1.8294015180011367,6,0,114.61162254705285,0,0,1,0.509112814143058,2.0,0,0,0,0,0.7551826882287898,1,3,94.82837050340738,0,2,213.56126529738904,116.29643544428944,130.38,0.0373397997635106,-36.49464740238179,115.1540891842632,0,0,3.87
42,4.0,2,14.882806885916718,71.16123954896986,22.669462471414807,1,0.6277195288562936,113.84010338763323,1.865280613741343,6,0,115.2049045332914,1,0,2,0.2977196857338366,2.0,0,0,0,0,0.5998691917241106,1,2,94.0167133881618,0,2,127.19072174647393,117.47870523540672,125.39,0.0463783346559465,-32.67630514229666,115.70803850552306,0,1,4.26
43,4.0,2,14.04113254314738,54.12139817635386,16.491148092704556,1,0.8506942937777201,114.57540545495137,1.5225163003964135,6,0,114.85317987945176,1,0,2,0.3727361854619337,2.0,0,0,0,0,0.6458141075345936,1,1,94.65940854020408,0,2,159.3274200992412,116.59190169820316,119.46,0.0507579493415174,-26.129187616698697,116.29989997058448,0,0,4.38
44,3.0,2,13.654480049169187,86.85467427954009,0.9198095431110276,1,0.8933830274788859,138.7094047964349,1.5658064489226158,5,0,137.71375787232083,0,0,2,0.3422511935477072,2.0,0,0,0,0,0.6724971165784714,1,3,136.89655923811148,0,2,191.30629717730744,119.35058559117518,116.06,0.0418977510245668,-42.3649083199637,120.2953108576504,0,0,3.88
45,3.0,2,15.587311404034226,87.92832339046717,0.0,1,0.7936358600215251,93.9977488043321,1.9374347861812664,5,0,93.15765997735328,0,0,1,0.610344757860815,2.0,0,0,0,0,0.6848130271678016,1,3,1.0548911061763628,0,2,197.34768063677944,121.42755939744715,116.12,0.0430302321860851,-38.60939231003256,122.80469117821129,0,0,3.76
46,3.0,2,14.0155158725808,70.84517285325882,29.6529540983078,1,0.8768385890322357,139.00021620255487,1.7566844163238675,5,0,138.3991370834315,1,0,2,0.5204151179734238,2.0,0,0,0,0,0.6344759749408971,1,2,137.8334084369343,0,2,97.51218444357885,119.61589938095102,111.42,0.0491435615515878,-41.116119352302334,120.21531641079474,0,0,4.18
47,3.0,2,14.297587746066045,70.75356650173825,23.813603137410265,1,0.5080799050260356,92.78868137814882,2.020681750205496,5,0,92.2739458183724,1,0,1,0.4982124888499766,2.0,0,0,0,0,0.7492587809847537,1,2,0.8882775851017509,0,2,101.31351155442248,121.07029092954738,110.85,0.0469174897461607,-39.122115736370645,121.82365634361244,0,0,4.17
48,3.0,2,14.17988858829044,54.03459955497518,24.31529800073715,1,0.928441507217276,139.85730363513642,1.3859805176017377,5,0,139.3711936429449,1,0,2,0.3830469638272505,2.0,0,0,0,0,0.6742527446752573,1,1,139.4340385868657,0,2,135.25500326426263,119.99615746978326,105.88,0.0561694339204862,-31.451266215924704,120.50123834492138,0,1,4.35
49,3.0,2,14.252234031858093,37.3,20.78924813265662,1,0.7667598716682484,0.0,0.0,5,0,0.0,1,0,2,0.2495747233487782,0.0,0,0,0,0,0.6285974469734138,1,0,0.0,0,2,165.8688649715117,0.0,100.02,0.0511926023790572,-18.048125936982665,0.0,0,1,4.79
50,3.0,2,13.819958855955097,37.3,15.807798899591932,1,0.4344441799756103,0.0,0.0,5,0,0.0,1,0,1,0.2423006696766244,0.0,0,0,0,0,0.7229887604143188,1,0,0.0,0,2,167.478328944974,0.0,99.56,0.0498088347008651,-17.406283803217896,0.0,0,1,4.83
54,2.5,0,14.484191739185649,72.88768416713668,23.37407340477044,2,0.6412310445619058,112.16106470266148,3.848881189950276,6,0,90.6369958878736,0,0,0,0.725710490034997,2.0,0,0,0,0,0.7943767012216993,2,2,8.070523533794681,0,2,115.89050146707916,99.81931863729838,120.04,0.044296488990807,-38.65732998554312,138.14534621770127,0,1,3.85
55,3.0,3,10.906524800547963,59.79356231948664,7.412865128243334,2,0.6535688493179275,134.08033581910033,5.3553461943755885,6,1,177.91639466458147,0,0,2,0.4408458197457243,2.0,1,1,0,0,0.7362867970474188,2,2,179.99975927383207,0,0,185.6363657511909,172.1005624640552,116.31,0.0352446953309879,-16.940435357676453,131.45526913885928,0,1,8.89
56,3.0,3,10.747959976655064,60.02130074772376,8.598923548762269,2,0.7018347438206075,133.26464198385804,5.495946305259386,6,1,126.27798523772334,0,0,1,0.5216363474133995,2.0,1,1,0,0,0.7533120850449968,2,2,1.1091799850454742,0,0,184.94275715718703,132.6236933422317,116.12,0.0352788221553065,-17.38097898800428,147.48099976730327,0,0,8.95
57,6.0,0,10.452837258190042,58.14926115243634,0.0,1,0.5754646851032826,179.62887267636054,1.464030600530468,6,0,108.43977408369923,0,0,0,0.5640723171404886,2.0,1,0,0,0,0.7462150972744016,1,2,179.9999779998691,0,0,202.83670844010567,103.35809005665888,123.82,0.0331072084393549,-15.494784304712097,156.2329303495702,0,1,9.45
58,6.0,0,8.866744542046902,26.02,109.8126700351026,1,0.5254276657029684,0.0,0.0,6,0,0.0,1,0,0,0.157107849201661,0.0,1,0,0,0,0.6174326530489427,1,0,0.0,0,0,254.7390393327895,0.0,112.24,0.037634006999398,-4.748484091271335,0.0,0,1,10.58
59,3.0,3,8.839565111105218,26.02,59.54425490849066,2,0.5702527224295887,0.0,0.0,6,1,0.0,1,0,1,0.1609266917403991,0.0,1,1,0,0,0.8501290722504071,2,0,0.0,0,0,245.3414983411921,0.0,105.88,0.0353827641955877,-5.158668566700779,0.0,0,0,9.79
60,3.0,3,9.102344591002913,26.02,109.4997390377987,2,0.7503081365758767,0.0,0.0,6,1,0.0,1,0,2,0.1521618376009012,0.0,1,1,0,0,0.7222249427892329,2,0,0.0,0,0,251.0761832033048,0.0,105.73,0.0378194280714808,-4.919435614267819,0.0,0,1,9.77
61,2.0,0,11.659450587065294,64.03516720125688,0.1023189878464665,3,0.7404970060846187,100.32874206047248,3.1163370702433,6,1,99.95819044399354,0,1,0,0.5948708941622305,3.0,2,1,0,1,0.7505699181587168,3,3,1.359166876466238,2,0,274.41736214560655,130.43731951906472,120.26,0.0210488557121159,-16.635291290787293,119.08131786286008,2,0,6.52
62,5.0,0,12.401989379557598,62.40727775366543,0.6218466166880408,1,0.6871393895102906,109.40828044842353,3.1955386085650725,5,0,111.45287916905978,0,0,0,0.4361484191903159,2.0,2,0,0,0,0.5885962814715089,1,3,69.44969424975227,1,0,271.73318734894764,127.22352044618076,112.97,0.0243829216979937,-17.695037036129786,117.32397489976206,1,1,6.06
64,5.0,0,8.084861959131718,12.03,73.7491338855815,1,0.2857161364457449,0.0,0.0,4,0,0.0,1,0,0,0.1916940831103472,0.0,2,0,0,0,0.5491078654978186,1,0,0.0,1,0,214.68604371712087,0.0,80.76,0.0364521685065292,-3.8991210580713127,0.0,1,0,11.29
66,3.5,0,11.97173591790953,62.45241379418578,0.1084972516026432,2,0.7088373089452366,100.17253184454503,2.356016855404396,7,1,98.6826524145677,0,1,0,0.5587175445363701,3.0,2,1,0,1,0.8002783287235606,2,3,21.935990059259293,1,0,289.50766346993663,128.287315856895,134.78,0.019668034916029,-15.021862217054684,117.95604260536383,1,1,6.23
67,2.67,0,12.727607096870784,59.70248636110354,0.114676151706168,3,0.6101410357351497,95.07045546283022,2.98082029107338,8,1,91.17949846105068,0,1,0,0.5869500310104571,3.0,2,1,0,1,0.9301444275816604,3,3,2.6122304011075688,2,0,308.72515397183554,124.78062163489048,151.15,0.0213387464978359,-13.303890101190229,114.06836340652866,2,1,6.56
68,6.0,0,13.5628588609996,61.56511700200023,0.2197597340508357,1,0.5851234407622666,95.54620018443968,2.777241635738379,6,0,91.52482156833511,0,0,0,0.5749754274978559,2.0,2,0,0,0,0.5980347412990598,1,3,3.394396292140802,1,0,297.842740441624,124.91263704118492,128.63,0.0231736879472337,-15.139432118488186,114.57868372794714,1,0,6.41
69,3.5,0,7.525724625507351,12.03,56.799362884680775,2,0.4604887470163242,0.0,0.0,6,1,0.0,1,1,0,0.210356791083545,0.0,2,1,0,1,0.8687485293334396,2,0,0.0,1,0,233.92289065788745,0.0,102.71,0.0310371508768349,-4.3412905995334725,0.0,1,0,10.42
70,2.67,0,8.455394269080593,12.03,72.46559474279975,3,0.5741607963161224,0.0,0.0,8,1,0.0,1,1,0,0.1824131694939508,0.0,2,1,0,1,0.8921226261147582,3,0,0.0,2,0,287.1046216385895,0.0,135.15,0.0298416922865278,-3.4503518111125384,0.0,2,0,11.27
71,2.67,0,8.588945438461243,12.03,78.95225339942887,3,0.3525317147977195,0.0,0.0,7,1,0.0,1,1,0,0.1906619418220935,0.0,2,1,0,1,0.9814487068187568,3,0,0.0,2,0,264.1457248663834,0.0,118.66,0.0335226935186599,-3.033325320619394,0.0,2,0,10.89
72,6.0,0,8.80505866225216,12.03,84.02424523290729,1,0.3336512394934317,0.0,0.0,5,0,0.0,1,0,0,0.1745796534962748,0.0,2,0,0,0,0.560811830789086,1,0,0.0,1,0,242.6892370128164,0.0,96.08,0.0364074954018465,-3.028724297328809,0.0,1,0,11.12
73,4.0,0,13.02682761339544,59.73563076980709,0.1146981129844174,2,0.5993954453049811,100.5433318708424,2.6360462607461312,8,1,99.6408048541743,0,1,0,0.5272622283545724,2.0,2,1,0,1,0.8354239187323663,2,3,36.56187855185709,1,0,310.1540284817729,127.16324567262224,150.69,0.0210485284278226,-13.188726807092303,116.27151669294491,1,0,5.96
74,4.0,0,8.703456769998477,12.03,90.03124788229277,2,0.4264253948616889,0.0,0.0,7,1,0.0,1,1,0,0.2000036540166612,0.0,2,1,0,1,0.8210285999012641,2,0,0.0,1,0,269.0217814828212,0.0,118.39,0.0346001042955281,-2.8808474029418587,0.0,1,0,10.38
75,4.0,0,8.342261322289374,12.03,70.13875202144092,2,0.5610676095373368,0.0,0.0,8,1,0.0,1,1,0,0.1959863753014646,0.0,2,1,0,1,0.900823132693917,2,0,0.0,1,0,283.9289336093305,0.0,134.59,0.0292056604429753,-3.719154219938331,0.0,1,0,10.99
76,4.5,0,11.252780474449692,42.49468024088932,0.0,2,0.5526668925360673,96.39855355912536,1.9215948301827377,8,1,91.10160420796682,0,1,0,0.6093859319211771,4.0,2,1,0,1,0.8879606913886274,2,2,3.1151213395532555e-05,1,0,233.82306274109385,104.21508491216728,144.84,0.0304427524046238,-9.35505742636052,109.90855240009604,1,1,9.41
77,4.5,0,11.262069608921024,74.14865816878611,0.0,2,0.4361369694379315,156.22567930439075,3.3227288793205743,8,1,165.6020066354694,0,1,0,0.3029081367096143,6.0,2,1,0,1,0.9330308057914132,2,4,179.99991563438834,1,0,187.4137500643768,159.4834597469348,154.78,0.0268863819510422,-29.93532095285192,151.8113360249826,1,1,6.37
78,4.5,0,10.553237978607402,41.816838632905046,0.0,2,0.4690836060104572,154.90334497887645,4.731126314725333,8,1,166.94151171489003,0,1,0,0.3794261579206199,2.0,2,1,0,1,0.8857033155023167,2,2,179.9999809937789,1,0,230.58518199341864,160.60294124603206,144.33,0.0270295060801115,-12.176623330779975,150.69676831994067,1,0,7.72
79,4.5,0,9.222276522984163,12.03,69.80233036196336,2,0.4138027514049006,0.0,0.0,8,1,0.0,1,1,0,0.1686398537241366,0.0,2,1,0,1,0.9062576665616046,2,0,0.0,1,0,275.49058624326574,0.0,133.74,0.0315231745006452,-3.05343776869273,0.0,1,1,10.86
80,4.5,0,12.88355499753134,54.28975266735616,0.0,2,0.3916831244528449,155.02051180570177,4.383983126659072,7,1,167.72553248540325,0,1,0,0.078592561408085,2.0,2,1,0,1,0.9157235991197747,2,2,179.99998330160878,2,1,209.346344072206,161.4533702325796,135.82,0.0375369742534813,-23.37638530329152,150.9549587794686,2,1,8.05
81,4.5,0,11.001328581556466,21.26,143.5549552538719,2,0.5367621156043124,0.0,0.0,7,1,0.0,1,1,0,0.5214434976563393,0.0,2,1,0,1,0.8368539184112628,2,0,0.0,2,1,259.2236997189422,0.0,126.18,0.0439888923326127,-5.094740410105151,0.0,2,1,10.4
82,4.5,0,10.842782105401202,46.17,1.7026100313511967,2,0.714015718988859,0.0,0.0,7,1,0.0,1,1,0,0.9016780603626704,0.0,2,1,0,1,0.7840884055879828,2,0,0.0,2,2,224.66556597690095,0.0,150.34,0.0307545589834234,-12.121442396199404,0.0,2,1,8.14
83,4.5,0,11.942380349190588,74.92592392164354,0.0,2,0.5602394652735638,159.48659617384516,4.50968486522865,7,1,161.21327527907144,0,1,0,0.5552602408314704,2.0,2,1,0,1,0.843522076556049,2,2,179.9999649071584,2,2,191.4125452017172,155.57080645873697,162.49,0.0288940223423599,-33.237147993264884,154.22180345203836,2,0,5.27
84,4.0,0,10.012807404316003,39.03031081918064,0.0,2,0.4393866937909215,151.39628990582696,4.045330296287494,7,1,173.134352492089,0,1,0,0.3818506946223065,2.0,2,1,0,1,0.847967831608704,2,2,179.99992018188388,1,0,212.80856108401784,166.50892665809138,127.77,0.0301248924180909,-14.593607123843055,148.48834166820103,1,1,7.69
85,4.0,0,9.103080823561216,12.03,77.24749339019965,2,0.5134963398083366,0.0,0.0,7,1,0.0,1,1,0,0.1635446947143438,0.0,2,1,0,1,0.8088972740160277,2,0,0.0,1,0,263.51883209758955,0.0,118.3,0.0335865345531782,-3.026447274141851,0.0,1,0,10.53
86,6.0,0,9.745092525622216,44.10119077053922,0.0,1,0.3552743802930684,164.03905599412676,4.234319055597881,5,0,157.44247091244205,0,0,0,0.3954952026286604,2.0,2,0,0,0,0.5688292609272105,1,2,179.9999651716629,1,0,186.92461539597983,152.6237843637439,106.47,0.0327681257771497,-18.761225548067262,158.03172746358712,1,1,7.75
87,4.0,0,7.743950422801084,12.03,68.52287718703249,1,0.292864035963577,0.0,0.0,3,0,0.0,1,0,0,0.2189168576600665,0.0,2,0,0,0,0.5408099034288243,1,0,0.0,1,0,189.576606321232,0.0,65.14,0.0383452686813258,-4.605676265552848,0.0,1,1,11.13
88,4.0,0,9.170886904023387,29.357565577843907,24.810175906600524,1,0.7283243928137546,148.8487614945305,4.629593075736477,3,0,176.87065060104376,1,0,0,0.2304543714845557,1.0,2,0,0,0,0.6196949657428893,1,1,179.9999178814303,1,0,148.57456948821488,162.57807493304847,70.1,0.0395565964489408,-17.735559171897584,143.0476032994765,1,1,8.55
89,4.0,0,10.361170861433536,46.303707434975166,3.3459956396696957,1,0.7516068671118905,162.33430372095768,3.344782954210212,3,0,162.09471549475342,0,0,0,0.4709867183348272,1.0,2,0,0,0,0.6848502742395467,1,2,4.30914339892969e-05,1,0,114.920049238766,165.63733988332487,75.33,0.0335033787827933,-24.9708751517984,167.06602333313472,1,0,6.44
90,5.0,0,7.469709418763,12.03,51.57852349150551,1,0.2930864193546329,0.0,0.0,4,0,0.0,1,0,0,0.1916940046345214,0.0,2,0,0,0,0.6520237588383407,1,0,0.0,1,0,206.03577404850063,0.0,80.58,0.0319179521247094,-4.846220703800751,0.0,1,1,11.21
91,5.0,0,9.130213910194552,27.57772191290507,82.91746970088958,1,0.3284791765947834,122.79387167457593,1.9795894742170852,4,0,165.11760424965078,1,0,0,0.2406611463230369,2.0,2,0,0,0,0.6464791663170608,1,1,138.95729253854907,1,0,179.48833284158124,158.10563619668395,85.82,0.0365850780350885,-10.556284474790964,118.4502086984613,1,0,8.87
92,5.0,0,10.166325914322965,39.63469944195524,0.3918621818497305,1,0.3690626890250174,160.6153467836845,3.899524266211698,4,0,159.20985598821298,0,0,0,0.399862309058671,2.0,2,0,0,0,0.5885615585764054,1,2,78.2112874270986,1,0,154.80935263627927,160.5262722964616,91.26,0.0323497658998792,-21.55384682794845,162.34771364927235,1,1,6.88
93,5.0,2,11.10267969027999,44.85645302148215,14.037178289868349,1,0.3582576937283078,125.00025679154272,3.4519897400406974,4,0,168.674802347098,1,0,1,0.554881804183992,4.0,2,0,0,0,0.6214662623438268,1,2,149.81703191779278,1,0,153.3601148045705,169.96900924758788,91.29,0.0395829985773031,-24.00754789475732,122.57789289278816,1,0,7.07
95,6.0,0,10.39535026333485,27.09310175590838,118.14906232613856,1,0.3178870517511228,141.46394951107416,3.995934007760215,5,0,135.82129546860958,1,0,0,0.3573668887274201,2.0,2,0,0,0,0.5948829916548615,1,1,95.73533194298888,1,0,217.76657442899307,136.10551982831973,100.97,0.0394650683614562,-6.933646669147641,141.63466817665537,1,1,8.64
97,6.0,2,9.78325476407208,42.25110510729213,135.21581137189577,1,0.4256840062098966,146.31676082677356,2.180195332707485,5,0,158.6015493326132,1,0,1,0.3355979104461146,4.0,2,0,0,0,0.5958611638541483,1,2,179.9996197216015,1,0,170.58870232884505,147.2381854610121,106.58,0.0353620083255451,-26.17385498046721,137.3717880228767,1,0,6.74
98,6.0,2,10.373055601685806,43.35811746805248,147.91118561396647,1,0.4875236287773297,110.33861002082936,0.963138996978207,5,0,137.51140036612813,1,0,2,0.3946229521607197,4.0,2,0,0,0,0.6831964398571216,1,2,51.98414728246637,1,0,180.872944326762,147.94226620855494,106.89,0.0377521986919224,-23.108202107944877,115.92053903765051,1,0,6.22
99,6.0,0,10.11027537637754,27.305165859171588,100.76197594873548,1,0.373076474471931,110.37877005754716,2.812055310932368,5,0,174.47566345014923,1,0,0,0.2519606397614605,2.0,2,0,0,0,0.632547234909336,1,1,179.9999422313469,1,0,212.2175090201453,152.24316038206018,101.2,0.037088003291576,-6.510322750299345,104.30166158563196,1,1,9.05
100,6.0,2,11.621823860851364,44.05375398235248,6.123088871086298,1,0.3651779464481849,123.40842197265845,0.90449047332015,5,0,156.1353061409513,1,0,1,0.5480305440966214,4.0,2,0,0,0,0.5962083477705359,1,2,131.77591904011524,1,0,180.81702004439177,147.89612669320576,106.57,0.0370458608225549,-15.08112789085078,118.4988592412235,1,0,7.01
101,6.0,2,11.411174831748816,42.993272115219234,8.519080168467893,1,0.371018489087168,158.63378341051154,2.221028877851713,5,0,145.2891045536534,1,0,2,0.6189634969453482,4.0,2,0,0,0,0.5817606416735754,1,2,54.11714296386344,1,0,177.59674008184936,148.1816536474162,106.9,0.0354004654720054,-16.02093919103602,163.8830810493619,1,1,7.02
102,4.0,0,12.60832566801243,75.42278031342742,0.2155472987805934,1,0.6440620683941827,0.0,0.0,5,0,0.0,0,0,0,0.3656772580463315,1.0,1,0,0,0,0.8021762708641615,1,3,0.0,0,0,267.23994584257974,0.0,113.77,0.0263063602935108,-18.68360956118444,0.0,0,1,5.0
103,4.0,0,11.68951355144836,57.67066046079915,3.591881323556819,1,0.6742981770333765,0.0,0.0,5,0,0.0,1,0,0,0.4826759236079034,1.0,1,0,0,0,0.7845863830548403,1,2,0.0,0,0,177.51638118995118,0.0,108.86,0.0331889376719305,-16.548715354538576,0.0,0,1,6.62
106,4.0,0,11.102561134911824,76.145799783415,0.3233609764158326,1,0.6334926834744109,172.98683657345356,4.734559017780708,5,0,116.98373026061904,0,0,2,0.4867663504284539,2.0,1,0,0,0,0.6998550587234335,1,3,179.99999329395288,0,0,262.4206529873001,101.85139124488916,113.81,0.0293181189255953,-21.378993891645575,142.8116378529771,0,1,8.74
107,4.0,0,11.398004479714343,75.6155676020786,0.2155739842772217,1,0.5816947083013514,128.55814840435315,1.409413118714635,5,0,121.22067500310114,0,0,1,0.5516736371882202,2.0,1,0,0,0,0.7939655460007901,1,3,2.476179059288797e-06,0,0,262.4083843059427,134.95075898618123,113.86,0.0284195848604639,-21.067285899619897,146.60469755885632,0,1,8.6
108,4.0,0,10.469818786176685,57.88296217673715,4.430744093270369,1,0.6309997858207242,173.02022156724675,1.4442575756725309,5,0,117.27707243098544,1,0,2,0.4432954817405458,2.0,1,0,0,0,0.7333153666056985,1,2,179.21609727159026,0,0,169.9562540049674,102.17381481699788,108.82,0.0352487998501463,-19.48778677418744,142.96373178916102,0,1,9.17
109,4.0,0,11.14736993479885,59.76597385329603,7.5955613027492035,1,0.6712949601926429,86.83657310488702,1.2905102560013275,5,0,78.86930681653794,1,0,1,0.5851850589582492,2.0,1,0,0,0,0.8058785571132024,1,2,1.868884048086427e-05,0,0,175.8456094537498,104.51052023482362,108.58,0.0392165069640632,-17.324529008445232,116.00266603517343,0,1,9.04
110,4.0,0,10.238194592350002,42.83563291981147,88.42418951303335,1,0.6375744346865097,172.91779786590337,4.682769455540432,5,0,117.63566232700585,1,0,2,0.2883310563624539,2.0,1,0,0,0,0.7099097569393543,1,1,179.99998346590652,0,0,203.91984502463217,102.50053270205524,102.97,0.0410728447457444,-10.261374099258145,142.95577732663227,0,1,9.58
111,4.0,0,10.382594343794317,42.53816945860519,98.8320127762899,1,0.7126027860146485,127.71805584696004,4.692856018742466,5,0,120.9420386043189,1,0,1,0.3980933220675404,2.0,1,0,0,0,0.7187480092092772,1,1,0.0497421132694922,0,0,204.51613307626067,135.0723236912908,103.46,0.0420836272867971,-10.17369987794032,145.72521760460904,0,1,9.48
112,6.0,0,13.608496138328167,60.78269027758807,0.2197597340508357,1,0.5958572814387458,95.5465026980904,2.919900227705462,6,0,91.52474119814802,0,0,0,0.5749764508433549,2.0,2,0,0,0,0.5901884179890671,1,3,3.39315714211106,1,0,298.5919208106533,124.9124543299373,129.1,0.0236492204526912,-15.096111514258844,114.57902865739771,1,1,6.41
113,6.0,0,12.9046779086188,43.04766707494768,8.76431882938273,1,0.6240232263115575,92.95311472906704,2.249387329041376,6,0,90.14972623901735,1,0,0,0.4600670065850868,2.0,2,0,0,0,0.6207946458343392,1,2,2.402732252173984,1,0,211.36519837472065,124.80316139909831,123.56,0.0340377087904506,-11.84705711217952,112.12096277554048,1,1,7.99
114,6.0,0,10.480549777441093,26.76011624766774,56.43432790547711,1,0.5352833467315358,91.06442452949229,2.31722530987775,6,0,89.01597205018811,1,0,0,0.4511716886370746,2.0,2,0,0,0,0.6043915781113224,1,1,2.55973044685012,1,0,234.71263985336375,124.60569001722016,118.46,0.0344279035638303,-8.088744222726383,110.31124773629386,1,0,9.52
115,6.0,0,8.656439265406581,12.03,85.63898707677923,1,0.3252375622585394,0.0,0.0,5,0,0.0,1,0,0,0.1745796689561977,0.0,2,0,0,0,0.5876324307973995,1,0,0.0,1,0,240.87296381404383,0.0,95.94,0.0364488973410329,-3.1034841246144587,0.0,1,0,11.12
116,5.0,0,12.28559615123242,61.47917208389902,0.3109233083440204,1,0.6695003185765837,109.40876409237312,3.17996060575925,5,0,111.45338933678696,0,0,0,0.4361457107463578,2.0,2,0,0,0,0.6778125818655801,1,3,69.45062474010194,1,0,263.76954594060726,127.22357823139716,113.0,0.022642901944729,-17.415465662572892,117.3242152188444,1,1,6.06
117,5.0,0,11.558037718197625,43.88976565465315,4.930604175708893,1,0.61200916498398,96.64063502292376,2.568074937666837,5,0,95.664404709362,1,0,0,0.480553923884276,2.0,2,0,0,0,0.670246346273359,1,2,13.815619581564713,1,0,179.22515685606226,127.92735720389008,107.48,0.0313276401815728,-14.420878523339596,115.33662953609652,1,1,7.78
118,5.0,0,10.294822019885162,28.73640597691621,91.29503011121534,1,0.6646655519148158,95.09907173111634,2.968224327254803,5,0,94.80111142027968,1,0,0,0.335758948996987,2.0,2,0,0,0,0.621224462326784,1,1,15.448358713401696,1,0,215.02205647128304,127.68672153547914,102.65,0.0372645462091965,-9.201248101739816,113.7821759722827,1,1,9.55
119,5.0,0,7.571427555359402,12.03,53.00559726399776,1,0.3059452619580363,0.0,0.0,4,0,0.0,1,0,0,0.1916940282917477,0.0,2,0,0,0,0.6359211521283942,1,0,0.0,1,0,207.79816327938065,0.0,80.48,0.0326096294327236,-4.677666859537789,0.0,1,1,11.31
120,4.0,0,11.485705768131044,61.61277861348943,0.4876218928746362,1,0.7271551439517541,113.40717445998791,3.29091777357669,4,0,124.31790111092953,0,0,0,0.3914834489292583,2.0,2,0,0,0,0.6177602971732395,1,3,82.99444390844924,1,0,248.4309098291047,135.7485932400956,97.98,0.0237563415337784,-20.884094341827076,116.9632000689954,1,1,5.84
121,4.0,0,11.322843754277894,45.7831554971285,4.678610694188518,1,0.7471571298002841,99.85195986519948,2.457819545311499,4,0,107.5617235459203,1,0,0,0.4894972994063016,2.0,2,0,0,0,0.6266764983879467,1,2,35.86934823326207,1,0,157.1623760352955,136.1440447876159,92.58,0.0353846213326147,-17.526902036660527,114.82210422741925,1,1,7.83
122,4.0,0,8.98532262116835,26.526736475214072,77.30061404937489,1,0.6790968623778465,98.62831009504391,2.462720013250961,4,0,106.8946871764692,1,0,0,0.3036823709548227,2.0,2,0,0,0,0.6326487321089455,1,1,36.9195394548176,1,0,177.8622022028675,135.88193973312863,87.34,0.0356608770527436,-12.955116160345506,113.48841107976556,1,1,9.67
123,4.0,0,7.629591546072429,12.03,65.11443949749663,1,0.2735503738195064,0.0,0.0,3,0,0.0,1,0,0,0.2189169960978925,0.0,2,0,0,0,0.5449273488590114,1,0,0.0,1,0,188.43668508076047,0.0,65.41,0.0373425713264482,-4.818445900955231,0.0,1,1,11.29
126,0.0,0,10.181664465856144,41.64306509744827,122.71093078519974,0,0.7367659306824067,0.0,0.0,2,0,0.0,1,0,0,0.3913210742586738,1.0,1,0,0,0,0.461363647403886,0,1,0.0,0,0,140.99239215761082,0.0,63.18,0.0507493186932566,-18.64766790058255,0.0,0,0,8.96
127,0.0,0,8.21984255975154,26.02,73.47553953757973,0,0.3944633306865125,0.0,0.0,1,0,0.0,1,0,0,0.1596947557289105,0.0,1,0,0,0,0.3813485364530277,0,0,0.0,0,0,138.0955880771388,0.0,41.01,0.0511299517337285,-8.38554994630919,0.0,0,1,10.78
130,6.0,0,9.410899219647794,27.54352200090752,80.49253122379525,1,0.6422838373782467,142.4859776163947,4.4936121451993225,6,0,132.78339217237055,1,0,0,0.2603797067195995,2.0,2,0,0,0,0.6134579614123067,1,1,89.1579492634537,1,0,223.1462445719888,134.52602871599495,118.06,0.0337961410268291,-8.916770382530755,144.0477545746863,1,0,10.32
132,5.0,0,10.934114532045424,43.65360686429735,6.702013653562004,1,0.6876058285014618,150.84052146254703,2.0031734523228453,5,0,150.3664737496796,1,0,0,0.4338093325397577,2.0,2,0,0,0,0.6282504625393658,1,2,118.79713518693352,1,0,180.9823346812884,146.14070974574398,107.48,0.0365870228208366,-15.469867289111756,147.41700444840214,1,1,9.75
133,5.0,0,9.3314201771533,28.156916258105653,94.1933608181072,1,0.5137099296880142,151.24662385098603,3.700868374912796,5,0,149.9078953741642,1,0,0,0.2808380480451646,2.0,2,0,0,0,0.7034131313986224,1,1,116.37524789650408,1,0,214.7931725182504,146.2575313628712,102.23,0.03973728544582,-9.09059727400116,148.24405574094936,1,1,10.38
134,4.0,0,10.0675231168531,61.70806608572301,0.3972150963667773,1,0.8831096367610483,150.3340966638982,1.8136049523586617,4,0,176.14041692668167,0,0,0,0.2726980655413391,2.0,2,0,0,0,0.6589667081744836,1,3,179.99998032831223,1,0,234.2843134393904,161.2718960339621,97.85,0.0241372042963305,-27.927411095755232,144.05676786901824,1,0,8.67
135,4.0,0,10.353966547564475,43.74004262047647,5.714436735106119,1,0.8060612404231347,103.44173207136691,3.718658585664615,4,0,134.16189349415532,1,0,0,0.4329350280619798,2.0,2,0,0,0,0.5947681283280785,1,2,5.769383972796765e-06,1,0,152.88457403865738,162.91047041966647,92.05,0.0376268552414098,-23.3052565779033,109.13210491771746,1,1,9.57
136,4.0,0,8.383642790319442,26.755389590378087,106.05281527224878,1,0.7323207246916428,104.82094652580942,2.878070779587368,4,0,134.79959083910512,1,0,0,0.391269249576163,2.0,2,0,0,0,0.57049880825873,1,1,0.3169824738536027,1,0,177.56126810846024,163.12200730660467,87.04,0.0390899664857943,-18.46927198787143,110.42829276212083,1,0,10.05
137,0.0,0,11.30777654700781,73.44293134769265,0.511163407317828,0,0.5794156663616521,0.0,0.0,3,0,0.0,0,0,0,0.3945627273777138,1.0,1,0,0,0,0.583501517742357,0,3,0.0,0,0,231.3955282864577,0.0,89.64,0.0314520168327244,-26.650769258752867,0.0,0,1,8.88
138,0.0,0,11.91435485041402,58.62327167471809,7.138520664938822,0,0.50555873866762,0.0,0.0,3,0,0.0,1,0,0,0.3888361961646058,1.0,1,0,0,0,0.6082703782448189,0,2,0.0,0,0,145.70623148202182,0.0,85.09,0.0441667470827526,-19.21354309672379,0.0,0,1,9.02
139,0.0,0,10.089187159653232,41.84078831759959,99.01814487287936,0,0.8222372519956794,0.0,0.0,3,0,0.0,1,0,0,0.2669358824292112,1.0,1,0,0,0,0.569550838642207,0,1,0.0,0,0,160.74361958567286,0.0,79.87,0.0437632065668689,-12.388330766371745,0.0,0,0,10.05
140,0.0,0,8.813618340820051,26.02,85.2493037353694,0,0.8344129108473579,0.0,0.0,2,0,0.0,1,0,0,0.1580642052820867,0.0,1,0,0,0,0.5574393660701853,0,0,0.0,0,0,182.19806712476208,0.0,57.42,0.0471593201434875,-5.438140959142295,0.0,0,1,10.75
141,6.0,0,12.298357040919742,59.85748873323671,0.3244759905858601,1,0.6158412843222035,117.97679689062149,4.87312084964917,6,0,174.24454383415983,0,0,0,0.3260129020019989,2.0,2,0,0,0,0.6376119298323288,1,3,179.99998355682828,1,0,291.3117065812521,152.31484328808236,128.63,0.0272768015145209,-15.00882204281632,112.06560889476408,1,0,9.6
142,6.0,0,11.48034610814739,42.98334173698132,7.150318535820773,1,0.6106164399182831,143.16528183140971,1.0119068483699512,6,0,142.2394785189958,1,0,0,0.372012401086434,2.0,2,0,0,0,0.6333310792787643,1,2,3.0339914778723063e-05,1,0,201.99339484406465,152.72687024898482,123.14,0.0349140655573751,-12.171216687081802,149.06751472463023,1,1,10.19
143,6.0,0,10.115107021077597,26.84644298325179,75.23498454700864,1,0.6153583470292671,143.71077330305974,5.291729133176324,6,0,142.93624284112713,1,0,0,0.3535166918604188,2.0,2,0,0,0,0.6279618380681369,1,1,0.2640895104470653,1,0,225.02598875848884,153.28532005759172,118.21,0.034808443256566,-7.561111550976551,149.48922103145335,1,0,10.46
145,0.0,0,11.426016554134318,58.9067550363209,5.987755752794247,0,0.6970818743668794,0.0,0.0,4,0,0.0,1,0,0,0.5561260413789585,1.0,1,0,0,0,0.5381160854431367,0,2,0.0,0,0,164.11785725392284,0.0,101.58,0.0384968630884434,-17.979457700539307,0.0,0,0,10.04
146,0.0,0,11.895772981875302,75.31689954091739,0.3222541376481652,0,0.8211156915295937,0.0,0.0,4,0,0.0,0,0,0,0.5482636582885818,1.0,1,0,0,0,0.5491441818394533,0,3,0.0,0,0,261.30745568752883,0.0,107.42,0.0304145710843813,-21.937035068039403,0.0,0,1,9.74
147,0.0,0,8.593741094578412,26.02,45.77030714314906,0,0.5715195946303352,0.0,0.0,3,0,0.0,1,0,0,0.1596196189469367,0.0,1,0,0,0,0.5354601514700499,0,0,0.0,0,0,200.3537686312756,0.0,74.04,0.0384342320876543,-5.358904687159864,0.0,0,1,10.03
149,4.0,0,11.333120842057903,58.56637887519764,2.049796067363115,1,0.5821936937264944,110.84736427756928,1.1402567450127006,4,0,101.59434006602382,0,0,0,0.4856750430994629,2.0,1,0,0,0,0.5802523454141993,1,2,45.31886394286404,0,0,158.79573381203858,111.9431790168941,92.01,0.036311674637355,-18.99363492736525,137.06250558855606,0,0,7.2
150,4.0,0,10.795925489639757,60.53420600909094,2.653093021446074,1,0.428255604457166,179.03316823645906,1.0199145547761617,4,0,140.71574872431222,0,0,0,0.5285703857355069,1.0,1,0,0,0,0.7082014140344505,1,2,179.99999539176807,0,0,159.40890976783786,135.55713709712063,91.07,0.0388678207236569,-20.826202466567054,161.15849388368602,0,1,8.37
152,5.0,0,10.29470157413687,58.12369254352723,0.1465740296158806,1,0.6009373379985979,149.0099727940771,0.8503896736673202,5,0,152.23603712700722,0,0,0,0.438973208935851,2.0,1,0,0,0,0.7555070203953832,1,2,115.4097673591295,0,0,181.28407998506628,149.55614045897255,107.54,0.0345094264277165,-18.341326149436732,145.631522158991,0,1,8.83
153,6.0,0,11.259401495196633,56.28432558995694,0.0,1,0.5346762861786774,91.44640566911733,1.5285813872197025,6,0,94.9248404046576,0,0,0,0.5093316988550984,2.0,1,0,0,0,0.6223701133496742,1,2,3.2124743065783914,0,0,203.1480161816164,113.631513289581,122.44,0.0309898859950099,-14.3881337527518,123.77207847639096,0,1,7.45
155,6.0,0,10.241073254111884,57.827368616997816,0.0,1,0.5549651319194124,179.62890401819038,0.9952731701598512,6,0,108.4397574159035,0,0,0,0.5640722881348026,2.0,1,0,0,0,0.7267001039165825,1,2,179.99995948053063,0,0,198.8250322812436,103.3580804299269,122.96,0.0324910316285108,-15.38459931073676,156.2329620655331,0,0,9.45
156,7.0,0,11.806262921061805,53.78799643456856,0.0,1,0.4309622258864742,130.3216972145362,2.7535799714056317,7,0,122.6962352895469,0,0,0,0.3946263732656679,1.0,1,0,0,0,0.7697123229698287,1,2,117.2419926166379,0,0,226.1632305498271,115.17801686108022,138.39,0.0310517966196951,-12.513894900091923,121.27080933561044,0,0,8.13
157,7.0,0,10.478814227698386,56.86653201146309,0.0,1,0.5225245099664655,128.93337892425498,1.651859073661615,7,0,139.42676290836908,0,0,0,0.4205312759610775,2.0,1,0,0,0,0.6729026580171652,1,2,94.63894474291658,0,0,217.99735120389056,139.88181366574267,138.52,0.0313048810138502,-14.710723928759617,129.2447083444208,0,0,9.35
160,0.0,0,10.612789853662232,58.219694197376064,0.0,0,0.7344508379750161,0.0,0.0,4,0,0.0,0,0,0,0.4170072251502568,1.0,1,0,0,0,0.561941331137872,0,2,0.0,0,0,171.82088019865088,0.0,101.23,0.0340401150209154,-16.402586020331537,0.0,0,0,9.57
161,0.0,0,11.426016554134318,58.9067550363209,5.987755752794247,0,0.6970818743668794,0.0,0.0,4,0,0.0,1,0,0,0.5561260413789585,1.0,1,0,0,0,0.5381160854431367,0,2,0.0,0,0,164.11785725392284,0.0,101.58,0.0384968630884434,-17.979457700539307,0.0,0,0,10.01
163,5.0,0,8.03370398539663,26.02,59.43799856686985,1,0.4219211645605032,0.0,0.0,5,0,0.0,1,0,0,0.1579735876888409,0.0,1,0,0,0,0.7629710454706405,1,0,0.0,0,0,224.09909601516915,0.0,96.46,0.0337657477535705,-5.853674621507083,0.0,0,0,10.52
164,7.0,0,9.216645801197748,26.02,99.03395630685482,1,0.4844114202358323,0.0,0.0,7,0,0.0,1,0,0,0.1573100932140587,0.0,1,0,0,0,0.720929534461479,1,0,0.0,0,0,273.44655986815894,0.0,128.33,0.0367792549773484,-4.162071158750124,0.0,0,0,10.69
167,3.5,0,10.43224181563531,43.18397562943231,94.42861301364556,2,0.7131259783054138,141.82406504667782,1.520875107903296,7,0,99.26138155009872,1,0,0,0.5207802915700874,2.0,1,0,0,0,0.7473224386043336,2,1,81.64710035882221,0,0,240.4660071131035,100.45184917637282,126.7,0.0378630657663171,-8.686059689810623,148.32856443555815,0,0,9.81
169,4.0,2,11.39678004863242,75.65503120667042,0.5502486757624657,1,0.7040312378424092,122.0217961424634,3.163312641517174,5,0,116.9271936142307,0,0,2,0.4375431680403318,2.0,1,0,0,0,0.6727389489188741,1,3,109.59056035856318,0,0,262.3285067316044,109.73410454596888,114.02,0.0277986020944696,-22.06290228719596,115.85350770901913,0,0,7.95
170,4.0,2,10.80946323313761,59.93536379962029,7.087847836526724,1,0.6912671068175453,121.0188023440664,3.09509941711153,5,0,115.69729731598856,1,0,2,0.4162482782973318,2.0,1,0,0,0,0.6643017761301275,1,2,107.47937740910037,0,0,175.22496053889978,109.58415858310354,108.7,0.0370371022487173,-19.641936925517506,116.07898596286806,0,1,8.98
171,4.0,2,9.585372144168955,42.78960211040128,120.44459493705732,1,0.5933012385085592,121.3769523455244,3.5195306245257783,5,0,115.36810601039116,1,0,2,0.2842344203271724,2.0,1,0,0,0,0.6113314663660019,1,1,107.25875256608768,0,0,208.2157148663437,109.34982736626564,103.51,0.0417756477533305,-12.578215757927968,116.6991841433624,0,0,9.32
172,3.0,2,10.92947804153692,75.62292362976896,0.3116353846456643,1,0.6657293836418091,141.2977790542227,1.5960165367543877,4,0,139.37236985590442,0,0,2,0.3931144784664414,2.0,1,0,0,0,0.6937144337470391,1,3,141.51341360736092,0,0,246.43394564272535,119.11308495099011,100.4,0.0292890736260597,-26.47006803895544,120.91530647274044,0,1,7.18
173,3.0,2,11.306940529954163,73.87074896236626,0.0,1,0.5776609625262316,95.28558835082065,3.114655494904916,4,0,93.8331538643422,0,0,1,0.6092071922587275,2.0,1,0,0,0,0.6966368489176735,1,3,3.016345580287588,0,0,244.06649869527809,121.6321552541207,99.56,0.0277597350290554,-24.84350121436803,123.8874673429704,0,1,6.92
174,3.0,2,10.975461115576554,57.94882340571976,5.740005160134484,1,0.693143151378823,141.31361023573973,1.2566028078577764,4,0,139.37057995973427,1,0,2,0.3865368215825312,2.0,1,0,0,0,0.6613436034496092,1,2,141.65215468820975,0,0,155.1631136681871,118.98043954958833,94.33,0.0401332515445054,-22.667604542948062,120.82060678670052,0,1,7.76
175,3.0,2,11.743144508082866,59.57012539812207,4.8336885559027225,1,0.5694267879198862,93.4120142475056,3.0826453694768303,4,0,92.33075584752068,1,0,1,0.5287610469932081,2.0,1,0,0,0,0.696740201147752,1,2,2.379937579813559,0,0,164.31001554635722,120.87979245053675,94.7,0.042360342499652,-20.44474223331488,122.45322721005772,0,0,7.16
176,3.0,2,8.670753469834084,26.02,98.95891168285674,1,0.620640224374572,0.0,0.0,4,0,0.0,1,0,2,0.1506573402039017,0.0,1,0,0,0,0.5525673479973042,1,0,0.0,0,0,227.26677027913036,0.0,83.71,0.041146784637,-5.7060038065389165,0.0,0,0,9.44
177,3.0,2,7.931815244875843,26.02,78.17754022945682,1,0.4922106226204106,0.0,0.0,4,0,0.0,1,0,1,0.1451941639158263,0.0,1,0,0,0,0.6787875848355174,1,0,0.0,0,0,213.1942788487086,0.0,83.67,0.0354635451364921,-6.524602900950137,0.0,0,0,9.15
180,2.5,0,8.165825257525277,26.02,71.6168242675371,2,0.8067131907035925,0.0,0.0,5,0,0.0,1,0,0,0.1779193578402943,0.0,1,0,0,0,0.6033288127554322,2,0,0.0,0,0,222.4096664634429,0.0,92.34,0.0331836255384665,-6.4760250875109975,0.0,0,0,9.41
182,2.5,0,11.165050910195957,61.598077792223805,7.543901205894759,2,0.756389007672506,147.95453863723804,0.9814043431024068,5,0,136.68009915962742,0,0,0,0.4760087543413748,2.0,1,0,0,0,0.7058080440371977,2,2,138.1380559029258,0,0,172.17510829049928,129.9208621781443,103.53,0.0353546938106894,-21.56448052361081,136.90281949666704,0,1,7.44
