,RPCS,PBF,mol_weight,dipole_moment,PPSA5,avg_atoms_in_cycle,nHRing,cis/trans,dihedral_angle,FPSA3,distance_between_atoms_in_cycle_and_f_group,angle_X1X2R2,nF,angle_R1X1R2,chirality,sasa,PNSA5,GeomShapeIndex,TASA,angle_R2X2R1,mol_num_cycles,nN,f_freedom,nFRing,identificator,nO,distance_between_atoms_in_f_group_centers,angle_X2X1R1,nARing,nC,nFHRing,f_to_fg,fold_id,pKa
0,20.92354236027572,0.599067910401728,164.152,0.3645162106418635,14.226839517068862,6.0,0,0,177.37714121077377,0.0430794092975522,2.963011267929343,154.50490918336376,2,116.84824755409942,0,208.6024933835096,-28.942682930343423,0.9480105509355536,150.0873028897533,176.20738886616874,1,0,0,0,0,2,4.599733846007284,111.45370089207896,1,7,0,2.0,0,4.32
1,16.72072983778262,0.5807023453619089,128.171,0.2534125643889748,13.888097806258338,6.0,0,0,,0.0464530009514433,,,0,,0,201.3454738371182,-13.67650885498967,0.8478666217071501,201.0448698508611,,1,0,1,0,0,2,,,1,7,0,0.0,1,4.85
2,15.19776352121602,0.8125037251509408,126.155,0.2442372954813684,14.422664217950029,3.0,0,2,,0.0470225025317011,,,0,,3,187.7475649031842,-13.789063102038476,0.7124144704595539,196.99423106010576,,2,0,1,1,0,2,,,2,7,0,0.0,1,4.35
3,17.778515817271572,0.6311312957986083,126.155,0.2461165758213561,14.472009242508014,3.0,0,1,,0.0476128489000869,,,0,,3,188.0372063574526,-14.420449795431498,0.8294732222987803,195.3931004192692,,2,0,1,1,0,2,,,2,7,0,0.0,0,4.24
4,20.595645569371552,0.7964923245058986,162.136,0.5967806967162913,14.92007473347024,3.0,0,1,1.2099538459599175,0.0451859207676332,3.238285759974669,146.9910021500618,2,123.731738974727,3,194.4910172921216,-29.793930518103025,0.8004850388878918,137.36441803106385,131.7100546313876,2,0,0,1,0,2,4.940620340867167,130.16656374121976,2,7,0,2.0,0,3.8
5,21.43438226676678,0.6888651599721769,162.136,0.443854491125851,14.721238775781188,3.0,0,2,178.17350777968704,0.0450266280175609,2.9356504326607387,131.7711972123317,2,179.68239851077465,3,194.82664034097812,-30.891759065232336,0.8798207937895168,132.84022962466886,135.09594164283646,2,0,0,1,0,2,5.034450301975402,170.17754544345078,2,7,0,2.0,1,3.76
6,15.75301298750428,0.7016151882984124,100.117,0.2749376521952997,13.637049631458243,4.0,0,0,,0.051031935789697,,,0,,0,156.83635614764145,-17.451691745402464,0.6663346346635648,161.86023699331497,,1,0,1,0,0,2,,,1,5,0,0.0,0,4.5
7,9.852651933957173,0.7914635855727886,132.134,0.1472615628006759,14.533090158481006,4.0,0,0,,0.0464656204985072,,,1,,0,186.88996900471747,-23.565672771545703,0.7681413255079723,160.0972577919836,,1,0,1,0,0,2,,,1,6,0,1.0,1,3.66
8,7.774418116543112,0.8125898153874634,150.125,0.415680682637275,16.052588504511426,4.0,0,0,,0.0433798439352485,,,2,,0,189.36579316077783,-27.809313509685875,0.6778624096432074,139.05925564526103,,1,0,1,0,0,2,,,1,6,0,1.0,0,3.08
9,0.7873815420224571,0.7973793418068543,168.115,0.477586507613744,15.967207934441143,4.0,0,0,,0.03581643481686,,,3,,0,192.8037441349581,-30.412560021121227,0.767759046938773,212.04828115840883,,1,0,0,0,0,2,,,1,6,0,1.0,1,2.9
10,0.4716831759309227,0.6540065210074811,168.115,0.2545750695556818,14.005185797441891,4.0,0,2,179.99999765130556,0.0385267254074045,2.158739058965019,144.37707029135925,3,128.12171658843644,0,192.4250607739688,-35.97156180758108,0.6229457006751816,213.6383729604581,171.50375913827546,1,0,0,0,0,2,4.618240140018928,113.59315284211615,1,6,0,2.0,1,3.83
11,0.1572277253103075,0.658894080991424,168.115,0.395677214355561,14.741419717272937,4.0,0,1,1.2812404568082367e-05,0.0401965472906642,2.1491841933860214,146.5613396994849,3,133.02515276809766,0,192.71626476513256,-35.65114514201758,0.8575613232397992,212.6672017056574,132.68948883532207,1,0,0,0,0,2,4.700421053810111,146.7111289987638,1,6,0,2.0,1,3.88
12,22.354959514561923,0.6969982506556,150.125,0.3499816092854382,14.455130491128031,4.0,0,2,179.5953211284142,0.048722222343033,2.1578390231050104,144.64454709626642,2,127.98577885945376,0,189.700291745008,-32.42283291856772,0.6982012865406237,124.20217726081256,171.79855050316874,1,0,1,0,0,2,4.621945239691498,113.53313176025196,1,6,0,2.0,0,4.11
13,24.2335275409957,0.6085284906583982,150.125,0.229961738507808,14.444846405010235,4.0,0,1,2.282285201717909e-05,0.0468370215273792,2.1505870902053768,145.13712832823185,2,131.74773196754546,0,189.81356824842143,-33.836905028895885,0.7472505352559793,119.61213340278243,130.99100461670517,1,0,1,0,0,2,4.672942616083933,146.02379795750852,1,6,0,2.0,0,3.92
14,18.81293691908742,0.7566788021710624,132.134,0.5545477396392865,14.7434613912726,4.0,0,2,179.99999928388038,0.0500896185403708,2.168093466965846,114.57818740539314,1,169.3263951428838,0,187.8470756347573,-23.14241982800826,0.7369852285984115,151.95387106950585,129.86954427613617,1,0,1,0,0,2,4.654503055492991,143.06299190253122,1,6,0,2.0,1,4.18
15,19.88092023763824,0.7100627643370322,132.134,0.3334923044688394,14.836270197587274,4.0,0,1,0.0305964349429392,0.0501258735177767,2.1496865701801293,145.3092287749146,1,131.99394538270406,0,187.07593194392055,-23.550265972435845,0.7497014588675519,150.96746505690336,131.2416513783521,1,0,1,0,0,2,4.680711872053281,146.2247768710286,1,6,0,2.0,1,4.12
16,27.43817898381783,0.6237485624296953,122.071,0.5404336559791457,15.647511650698288,3.0,0,0,68.01485011903459,0.0518944682075491,1.478922167952901,151.7991179181965,2,113.93728475341402,1,136.5520559535906,-43.36695442587725,0.5974848859274101,74.18413824352477,131.78974164848114,1,0,0,0,0,2,3.1236120188146312,118.02012398950647,1,4,0,2.0,0,3.25
17,19.173011894719075,0.7071626712579546,136.098,0.5701149905469478,14.973170172284703,4.0,0,0,84.33402019116885,0.0451671028694868,1.545678354704291,136.4809158269887,2,113.54892979177116,1,163.41481758648175,-33.89223604263279,0.6783905539619974,108.9384863248536,125.35662779502591,1,0,0,0,0,2,3.155947226364754,115.8620544863835,1,5,0,2.0,1,3.62
19,18.911509222439424,0.7594846882172082,150.125,0.5254754383956883,15.180190460346552,5.0,0,0,100.75889440468464,0.0425811859490791,1.508014169167203,127.78689240827444,2,111.91894281660896,1,182.17785938663584,-29.050345611389066,0.7432703191313329,135.55657649332557,125.88986895653304,1,0,0,0,0,2,3.0015610000926407,109.6215647199389,1,6,0,2.0,0,3.76
20,23.959083180570563,0.6110579242547812,150.125,0.6352930549698548,13.206248345831114,5.0,0,0,25.67702780889899,0.0439471474020902,2.3677649625359845,146.34864055347808,2,95.72251248305469,1,181.03968607470532,-35.99139820379941,0.9212469923616556,120.1292670855177,119.5134162345996,1,0,0,0,0,2,3.5501546342212587,103.20760918952917,1,6,0,2.0,0,3.98
21,23.50671740750368,0.6207785552918198,164.152,0.4731799079072844,15.919944567693657,6.0,0,0,108.80350870606324,0.0433647072309179,1.5166076061111993,122.51554783322288,2,115.41382670766646,1,208.3371548866384,-24.95173561988011,0.8567741221390269,158.31308881860684,126.63825110188506,1,0,0,0,0,2,3.044900404828472,110.36781532150366,1,7,0,2.0,0,3.81
23,6.146965759162364,0.8478883846511579,178.179,0.43442605858601,15.628378678838564,7.0,0,0,115.85471137445384,0.0384648840094387,1.5191098261520577,120.41303014656776,2,119.2168678217085,1,227.80771636904944,-23.252160016889395,0.7102688409030519,182.06296389139644,129.0459475303177,1,0,0,0,0,2,3.0966020114261994,111.73009521109194,1,8,0,1.0,0,3.78
24,7.145423127159609,0.7361649905506692,178.179,0.6947270687489867,14.196844698819575,7.0,0,0,42.97102962365911,0.0384807558153738,2.5983112871562346,128.700029863474,2,82.63435142033606,1,228.9872070667869,-27.076422683959528,0.6880421818560744,171.19160296594947,104.8266138849039,1,0,0,0,0,2,3.344094603207365,91.17000173990564,1,8,0,2.0,1,4.09
25,19.181318821573765,0.7218975429043217,178.179,0.3582333801949763,14.11738357175663,7.0,0,0,119.71178756115462,0.0412257699900023,3.373216389835331,150.7004402494903,2,128.76866079858837,1,229.45425314871463,-26.21332591759056,0.8082580039745423,166.19199670415207,154.8429681934968,1,0,0,0,0,2,5.195178811247873,126.14585888077616,1,8,0,2.0,1,4.36
27,18.356992887543772,0.7048692041461937,138.114,0.6607192214798676,15.22109798307842,0.0,0,0,,0.0447351098721081,,,2,,0,179.15179479033029,-29.896563070368387,0.7759302367317907,144.9914085338705,,0,0,0,0,0,2,,,0,5,0,1.0,0,4.17
28,18.598915051518738,0.7151239957379678,138.114,0.3441142006885662,14.44642691416415,0.0,0,0,,0.0498035285406461,,,2,,0,178.36568122897685,-36.14166525567124,0.763238636493066,116.84018181908333,,0,0,1,0,0,2,,,0,5,0,1.0,0,4.38
29,19.85637346226349,0.6332140660674527,86.09,0.2473974129983841,13.857664796449882,3.0,0,0,,0.0551375633028044,,,0,,0,131.23773599285263,-21.17891174986713,0.4927333474593312,136.27798744485057,,1,0,1,0,0,2,,,1,4,0,0.0,0,4.6
30,16.554013647885853,0.5399706270189355,100.117,0.2749376657092865,14.147349429531223,4.0,0,0,,0.0507026175687657,,,0,,0,157.2777569310949,-17.30269723704041,0.8249752268420897,160.68845734846897,,1,0,1,0,0,2,,,1,5,0,0.0,0,4.5
31,17.14943234202641,0.5701201812784207,114.144,0.2496692677092228,14.31841187450095,5.0,0,0,,0.0486064839811568,,,0,,0,176.67787181614017,-14.637306275249518,0.8819441023858844,183.29248689417105,,1,0,1,0,0,2,,,1,6,0,0.0,1,4.69
32,7.118665215720119,0.7896975508791731,142.198,0.2484565574620438,14.213200498366394,7.0,0,0,,0.0425417609912928,,,0,,0,223.01011094775765,-12.596998132233406,0.64857051340506,224.69526115628696,,1,0,1,0,0,2,,,1,8,0,0.0,0,5.08
33,13.165660930494102,0.5677041561624285,102.133,0.2445878379821489,14.05323334628104,0.0,0,0,,0.0465283017808811,,,0,,0,172.61360370755904,-16.71489383167601,0.6536152540778717,182.4656187244622,,0,0,1,0,0,2,,,0,5,0,0.0,1,4.75
34,16.740703792660163,0.776863464692186,140.182,0.2750855524826595,14.484587122541914,3.5,0,0,,0.0443449585538468,,,0,,0,218.6452750672011,-13.609751264631171,0.8634112364344613,219.20696270393117,,2,0,1,0,0,2,,,2,8,0,0.0,0,4.59
39,20.305376482980613,0.640948957369094,128.127,0.6192674807833284,16.990519695938254,2.0,2,0,,0.0542869664364681,,,0,,0,174.0262413322225,-21.334637960161764,0.8863418186260281,162.06424385898123,,3,0,1,1,0,3,,,3,6,1,0.0,1,3.59
41,0.4786735772335248,0.7551826882287898,168.115,0.509112814143058,14.118998572204276,4.0,0,1,94.82837050340738,0.0373397997635106,1.5581098148696104,115.1540891842632,3,114.61162254705285,2,191.1366724607658,-36.49464740238179,0.7161804826385444,213.56126529738904,113.68295849563492,1,0,0,0,0,2,3.517924464416611,116.29643544428944,1,6,0,2.0,0,3.87
42,22.669462471414807,0.5998691917241106,150.125,0.2977196857338366,14.882806885916718,4.0,0,2,94.0167133881618,0.0463783346559465,1.561032891054609,115.70803850552306,2,115.2049045332914,2,188.9431390752999,-32.67630514229666,0.6277195288562936,127.19072174647393,113.84010338763323,1,0,1,0,0,2,3.5411113498987468,117.47870523540672,1,6,0,2.0,1,4.26
43,16.491148092704556,0.6458141075345936,132.134,0.3727361854619337,14.04113254314738,4.0,0,2,94.65940854020408,0.0507579493415174,1.561879666018179,116.29989997058448,1,114.85317987945176,2,186.5688939244761,-26.129187616698697,0.8506942937777201,159.3274200992412,114.57540545495137,1,0,1,0,0,2,3.5472366238888555,116.59190169820316,1,6,0,2.0,0,4.38
44,0.9198095431110276,0.6724971165784714,154.088,0.3422511935477072,13.654480049169187,3.0,0,2,136.89655923811148,0.0418977510245668,1.5156641647044415,120.2953108576504,3,137.71375787232083,2,165.74438731742262,-42.3649083199637,0.8933830274788859,191.30629717730744,138.7094047964349,1,0,0,0,0,2,3.820354814933333,119.35058559117518,1,5,0,2.0,1,3.88
45,0.0,0.6848130271678016,154.088,0.610344757860815,15.587311404034226,3.0,0,1,1.0548911061763628,0.0430302321860851,1.517525909207423,122.80469117821129,3,93.15765997735328,2,168.29023715010882,-38.60939231003256,0.7936358600215251,197.34768063677944,93.9977488043321,1,0,0,0,0,2,3.091110918557552,121.42755939744715,1,5,0,2.0,0,3.76
46,29.6529540983078,0.6344759749408971,136.098,0.5204151179734238,14.0155158725808,3.0,0,2,137.8334084369343,0.0491435615515878,1.5152672093977333,120.21531641079474,2,138.3991370834315,2,163.0200125504184,-41.116119352302334,0.8768385890322357,97.51218444357885,139.00021620255487,1,0,1,0,0,2,3.831989835842695,119.61589938095102,1,5,0,2.0,1,4.18
47,23.813603137410265,0.7492587809847537,136.098,0.4982124888499766,14.297587746066045,3.0,0,1,0.8882775851017509,0.0469174897461607,1.5164314562201753,121.82365634361244,2,92.2739458183724,2,161.03811396501072,-39.122115736370645,0.5080799050260356,101.31351155442248,92.78868137814882,1,0,1,0,0,2,3.063983204089074,121.07029092954738,1,5,0,2.0,0,4.17
48,24.31529800073715,0.6742527446752573,118.107,0.3830469638272505,14.17988858829044,3.0,0,2,139.4340385868657,0.0561694339204862,1.514981983215777,120.50123834492138,1,139.3711936429449,2,159.23768785621797,-31.451266215924704,0.928441507217276,135.25500326426263,139.85730363513642,1,0,1,0,0,2,3.850486622572024,119.99615746978326,1,5,0,2.0,1,4.35
49,20.78924813265662,0.6285974469734138,100.117,0.2495747233487782,14.252234031858093,3.0,0,2,,0.0511926023790572,,,0,,2,157.97680538879263,-18.048125936982665,0.7667598716682484,165.8688649715117,,1,0,1,0,0,2,,,1,5,0,0.0,1,4.79
50,15.807798899591932,0.7229887604143188,100.117,0.2423006696766244,13.819958855955097,3.0,0,1,,0.0498088347008651,,,0,,2,159.3268746085293,-17.406283803217896,0.4344441799756103,167.478328944974,,1,0,1,0,0,2,,,1,5,0,0.0,0,4.83
54,23.37407340477044,0.7943767012216993,148.109,0.725710490034997,14.484191739185649,2.5,0,0,8.070523533794681,0.044296488990807,2.702130288556316,138.14534621770127,2,90.6369958878736,2,177.0574365344056,-38.65732998554312,0.6412310445619058,115.89050146707916,112.16106470266148,2,0,0,0,0,2,3.672533431771875,99.81931863729838,2,6,0,2.0,1,3.85
55,7.412865128243334,0.7362867970474188,133.142,0.4408458197457243,10.906524800547963,3.0,0,2,179.99975927383207,0.0352446953309879,2.9228282437053825,131.45526913885928,2,177.91639466458147,3,181.2157611753718,-16.940435357676453,0.6535688493179275,185.6363657511909,134.08033581910033,2,1,0,1,1,0,4.969731819100075,172.1005624640552,2,6,0,2.0,1,8.89
56,8.598923548762269,0.7533120850449968,133.142,0.5216363474133995,10.747959976655064,3.0,0,1,1.1091799850454742,0.0352788221553065,3.240625300879659,147.48099976730327,2,126.27798523772334,3,177.6299950345272,-17.38097898800428,0.7018347438206075,184.94275715718703,133.26464198385804,2,1,0,1,1,0,4.95175252123358,132.6236933422317,2,6,0,2.0,1,8.95
57,0.0,0.7462150972744016,135.158,0.5640723171404886,10.452837258190042,6.0,0,0,179.9999779998691,0.0331072084393549,2.951033336512736,156.2329303495702,2,108.43977408369923,0,193.9199023161517,-15.494784304712097,0.5754646851032826,202.83670844010567,179.62887267636054,1,1,0,0,1,0,4.399448266185669,103.35809005665888,1,6,0,2.0,1,9.45
58,109.8126700351026,0.6174326530489427,99.177,0.157107849201661,8.866744542046902,6.0,0,0,,0.037634006999398,,,0,,0,185.04187254201784,-4.748484091271335,0.5254276657029684,254.7390393327895,,1,1,1,0,1,0,,,1,6,0,0.0,1,10.58
59,59.54425490849066,0.8501290722504071,97.161,0.1609266917403991,8.839565111105218,3.0,0,1,,0.0353827641955877,,,0,,3,174.97676899236592,-5.158668566700779,0.5702527224295887,245.3414983411921,,2,1,1,1,1,0,,,2,6,0,0.0,0,9.79
60,109.4997390377987,0.7222249427892329,97.161,0.1521618376009012,9.102344591002913,3.0,0,2,,0.0378194280714808,,,0,,3,175.48292604507762,-4.919435614267819,0.7503081365758767,251.0761832033048,,2,1,1,1,1,0,,,2,6,0,0.0,1,9.77
61,0.1023189878464665,0.7505699181587168,151.132,0.5948708941622305,11.659450587065294,2.0,2,0,1.359166876466238,0.0210488557121159,1.5061650638124446,119.08131786286008,3,99.95819044399354,0,183.60540822145268,-16.635291290787293,0.7404970060846187,274.41736214560655,100.32874206047248,3,1,0,1,2,0,2.9149759561381683,130.43731951906472,3,6,1,3.0,1,6.52
62,0.6218466166880408,0.5885962814715089,139.121,0.4361484191903159,12.401989379557598,5.0,1,0,69.44969424975227,0.0243829216979937,1.493488605552128,117.32397489976206,3,111.45287916905978,1,173.07497988394425,-17.695037036129786,0.6871393895102906,271.73318734894764,109.40828044842353,1,1,0,0,2,0,3.026441470798448,127.22352044618076,1,5,0,2.0,0,6.06
64,73.7491338855815,0.5491078654978186,71.123,0.1916940831103472,8.084861959131718,5.0,1,0,,0.0364521685065292,,,0,,0,135.40937703397066,-3.8991210580713127,0.2857161364457449,214.68604371712087,,1,1,1,0,2,0,,,1,4,0,0.0,1,11.29
66,0.1084972516026432,0.8002783287235606,165.159,0.5587175445363701,11.97173591790953,3.5,1,0,21.935990059259293,0.019668034916029,1.5096827320392148,117.95604260536383,3,98.6826524145677,2,200.7739656615082,-15.021862217054684,0.7088373089452366,289.50766346993663,100.17253184454503,2,1,0,1,2,0,2.890016341630643,128.287315856895,2,7,1,3.0,0,6.23
67,0.114676151706168,0.9301444275816604,179.186,0.5869500310104571,12.727607096870784,2.6666666666666665,2,0,2.6122304011075688,0.0213387464978359,1.500024739178584,114.06836340652866,3,91.17949846105068,0,219.44531018179936,-13.303890101190229,0.6101410357351497,308.72515397183554,95.07045546283022,3,1,0,1,2,0,2.7093123305333027,124.78062163489048,3,8,1,3.0,0,6.56
68,0.2197597340508357,0.5980347412990598,153.148,0.5749754274978559,13.5628588609996,6.0,1,0,3.394396292140802,0.0231736879472337,1.4898047256553242,114.57868372794714,3,91.52482156833511,1,194.65187946315805,-15.139432118488186,0.5851234407622666,297.842740441624,95.54620018443968,1,1,0,0,2,0,2.708842197060845,124.91263704118492,1,6,0,2.0,1,6.41
69,56.799362884680775,0.8687485293334396,97.161,0.210356791083545,7.525724625507351,3.5,1,0,,0.0310371508768349,,,0,,2,164.0429230709275,-4.3412905995334725,0.4604887470163242,233.92289065788745,,2,1,1,1,2,0,,,2,6,1,0.0,1,10.42
70,72.46559474279975,0.8921226261147582,125.215,0.1824131694939508,8.455394269080593,2.6666666666666665,2,0,,0.0298416922865278,,,0,,0,210.5826160053142,-3.4503518111125384,0.5741607963161224,287.1046216385895,,3,1,1,1,2,0,,,3,8,1,0.0,1,11.27
72,84.02424523290729,0.560811830789086,85.15,0.1745796534962748,8.80505866225216,6.0,1,0,,0.0364074954018465,,,0,,0,160.6976472804486,-3.028724297328809,0.3336512394934317,242.6892370128164,,1,1,1,0,2,0,,,1,5,0,0.0,1,11.12
73,0.1146981129844174,0.8354239187323663,179.186,0.5272622283545724,13.02682761339544,4.0,1,0,36.56187855185709,0.0210485284278226,1.5052812393239692,116.27151669294491,3,99.6408048541743,2,222.5267645835783,-13.188726807092303,0.5993954453049811,310.1540284817729,100.5433318708424,2,1,0,1,2,0,2.877725217859466,127.16324567262224,2,8,1,2.0,0,5.96
74,90.03124788229277,0.8210285999012641,111.188,0.2000036540166612,8.703456769998477,4.0,1,0,,0.0346001042955281,,,0,,2,185.71836424108997,-2.8808474029418587,0.4264253948616889,269.0217814828212,,2,1,1,1,2,0,,,2,7,1,0.0,0,10.38
75,70.13875202144092,0.900823132693917,125.215,0.1959863753014646,8.342261322289374,4.0,1,0,,0.0292056604429753,,,0,,2,213.1582790337609,-3.719154219938331,0.5610676095373368,283.9289336093305,,2,1,1,1,2,0,,,2,8,1,0.0,0,10.99
76,0.0,0.8879606913886274,161.196,0.6093859319211771,11.252780474449692,4.5,1,0,3.1151213395532555e-05,0.0304427524046238,3.050429728069893,109.90855240009604,2,91.10160420796682,2,210.4484934047269,-9.35505742636052,0.5526668925360673,233.82306274109385,96.39855355912536,2,1,0,1,2,0,3.529195759458055,104.21508491216728,2,8,1,4.0,0,9.41
77,0.0,0.9330308057914132,197.177,0.3029081367096143,11.262069608921024,4.5,1,0,179.99991563438834,0.0268863819510422,2.870509811455909,151.8113360249826,4,165.6020066354694,2,222.18370228997972,-29.93532095285192,0.4361369694379315,187.4137500643768,156.22567930439075,2,1,0,1,2,0,4.38482554911532,159.4834597469348,2,8,1,6.0,0,6.37
78,0.0,0.8857033155023167,161.196,0.3794261579206199,10.553237978607402,4.5,1,0,179.9999809937789,0.0270295060801115,2.891535858183274,150.69676831994067,2,166.94151171489003,2,216.4985111513456,-12.176623330779975,0.4690836060104572,230.58518199341864,154.90334497887645,2,1,0,1,2,0,4.419535786410243,160.60294124603206,2,8,1,2.0,0,7.72
79,69.80233036196336,0.9062576665616046,125.215,0.1686398537241366,9.222276522984163,4.5,1,0,,0.0315231745006452,,,0,,2,212.31780113275596,-3.05343776869273,0.4138027514049006,275.49058624326574,,2,1,1,1,2,0,,,2,8,1,0.0,1,10.86
80,0.0,0.9157235991197747,163.168,0.078592561408085,12.88355499753134,4.5,2,0,179.99998330160878,0.0375369742534813,2.9047024613795416,150.9549587794686,2,167.72553248540325,2,196.00086218547352,-23.37638530329152,0.3916831244528449,209.346344072206,155.02051180570177,2,1,0,1,2,1,4.4514129345338205,161.4533702325796,2,7,1,2.0,0,8.05
81,143.5549552538719,0.8368539184112628,127.187,0.5214434976563393,11.001328581556466,4.5,2,0,,0.0439888923326127,,,0,,2,192.0344590328986,-5.094740410105151,0.5367621156043124,259.2236997189422,,2,1,1,1,2,1,,,2,7,1,0.0,0,10.4
84,0.0,0.847967831608704,147.169,0.3818506946223065,10.012807404316003,4.0,1,0,179.99992018188388,0.0301248924180909,2.923415120220624,148.48834166820103,2,173.134352492089,2,195.5660012643244,-14.593607123843055,0.4393866937909215,212.80856108401784,151.39628990582696,2,1,0,1,2,0,4.433767345961436,166.50892665809138,2,7,1,2.0,1,7.69
85,77.24749339019965,0.8088972740160277,111.188,0.1635446947143438,9.103080823561216,4.0,1,0,,0.0335865345531782,,,0,,2,190.0296308005295,-3.026447274141851,0.5134963398083366,263.51883209758955,,2,1,1,1,2,0,,,2,7,1,0.0,1,10.53
86,0.0,0.5688292609272105,121.131,0.3954952026286604,9.745092525622216,6.0,1,0,179.9999651716629,0.0327681257771497,2.8680222952377963,158.03172746358712,2,157.44247091244205,0,166.29242728022413,-18.761225548067262,0.3552743802930684,186.92461539597983,164.03905599412676,1,1,0,0,2,0,4.410683512843262,152.6237843637439,1,5,0,2.0,0,7.75
87,68.52287718703249,0.5408099034288243,57.096,0.2189168576600665,7.743950422801084,4.0,1,0,,0.0383452686813258,,,0,,0,114.42966659867928,-4.605676265552848,0.292864035963577,189.576606321232,,1,1,1,0,2,0,,,1,3,0,0.0,0,11.13
88,24.810175906600524,0.6196949657428893,75.086,0.2304543714845557,9.170886904023387,4.0,1,0,179.9999178814303,0.0395565964489408,2.1122803872951037,143.0476032994765,1,176.87065060104376,0,117.33847746090336,-17.735559171897584,0.7283243928137546,148.57456948821488,148.8487614945305,1,1,1,0,2,0,4.35468302057232,162.57807493304847,1,3,0,1.0,0,8.55
89,3.3459956396696957,0.6848502742395467,93.077,0.4709867183348272,10.361170861433536,4.0,1,0,4.30914339892969e-05,0.0335033787827933,2.132441014760308,167.06602333313472,2,162.09471549475342,0,120.68596109890362,-24.9708751517984,0.7516068671118905,114.920049238766,162.33430372095768,1,1,0,0,2,0,3.9388379289702553,165.63733988332487,1,3,0,1.0,1,6.44
90,51.57852349150551,0.6520237588383407,71.123,0.1916940046345214,7.469709418763,5.0,1,0,,0.0319179521247094,,,0,,0,135.621737362361,-4.846220703800751,0.2930864193546329,206.03577404850063,,1,1,1,0,2,0,,,1,4,0,0.0,0,11.21
91,82.91746970088958,0.6464791663170608,89.113,0.2406611463230369,9.130213910194552,5.0,1,0,138.95729253854907,0.0365850780350885,2.4015903984271434,118.4502086984613,1,165.11760424965078,1,139.92336359843105,-10.556284474790964,0.3284791765947834,179.48833284158124,122.79387167457593,1,1,1,0,2,0,4.142526768344322,158.10563619668395,1,4,0,2.0,1,8.87
92,0.3918621818497305,0.5885615585764054,107.104,0.399862309058671,10.166325914322965,5.0,1,0,78.2112874270986,0.0323497658998792,2.4130679828344976,162.34771364927235,2,159.20985598821298,0,142.6130695430107,-21.55384682794845,0.3690626890250174,154.80935263627927,160.6153467836845,1,1,0,0,2,0,4.030007511420539,160.5262722964616,1,4,0,2.0,1,6.88
93,14.037178289868349,0.6214662623438268,107.104,0.554881804183992,11.10267969027999,5.0,1,1,149.81703191779278,0.0395829985773031,2.270955036746112,122.57789289278816,2,168.674802347098,2,142.44302393208727,-24.00754789475732,0.3582576937283078,153.3601148045705,125.00025679154272,1,1,1,0,2,0,3.944474976029546,169.96900924758788,1,4,0,4.0,1,7.07
95,118.14906232613856,0.5948829916548615,103.14,0.3573668887274201,10.39535026333485,6.0,1,0,95.73533194298888,0.0394650683614562,2.4979246194888445,141.63466817665537,1,135.82129546860958,1,164.9109280814422,-6.933646669147641,0.3178870517511228,217.76657442899307,141.46394951107416,1,1,1,0,2,0,4.297846129239504,136.10551982831973,1,5,0,2.0,0,8.64
97,135.21581137189577,0.5958611638541483,121.131,0.3355979104461146,9.78325476407208,6.0,1,1,179.9996197216015,0.0353620083255451,2.1663748160533403,137.3717880228767,2,158.6015493326132,2,167.85983291389758,-26.17385498046721,0.4256840062098966,170.58870232884505,146.31676082677356,1,1,1,0,2,0,3.6163856646491808,147.2381854610121,1,5,0,4.0,0,6.74
98,147.91118561396647,0.6831964398571216,121.131,0.3946229521607197,10.373055601685806,6.0,1,2,51.98414728246637,0.0377521986919224,2.1795702132183066,115.92053903765051,2,137.51140036612813,2,165.87004492008828,-23.108202107944877,0.4875236287773297,180.872944326762,110.33861002082936,1,1,1,0,2,0,3.249878252711293,147.94226620855494,1,5,0,4.0,1,6.22
99,100.76197594873548,0.632547234909336,103.14,0.2519606397614605,10.11027537637754,6.0,1,0,179.9999422313469,0.037088003291576,2.8982677653640234,104.30166158563196,1,174.47566345014923,0,163.73234359711364,-6.510322750299345,0.373076474471931,212.2175090201453,110.37877005754716,1,1,1,0,2,0,4.3227165919469535,152.24316038206018,1,5,0,2.0,0,9.05
100,6.123088871086298,0.5962083477705359,121.131,0.5480305440966214,11.621823860851364,6.0,1,1,131.77591904011524,0.0370458608225549,2.598666947311753,118.4988592412235,2,156.1353061409513,2,166.61648158334307,-15.08112789085078,0.3651779464481849,180.81702004439177,123.40842197265845,1,1,1,0,2,0,4.0688089130729885,147.89612669320576,1,5,0,4.0,0,7.01
101,8.519080168467893,0.5817606416735754,121.131,0.6189634969453482,11.411174831748816,6.0,1,2,54.11714296386344,0.0354004654720054,2.602969862937753,163.8830810493619,2,145.2891045536534,2,168.21819623955278,-16.02093919103602,0.371018489087168,177.59674008184936,158.63378341051154,1,1,1,0,2,0,4.3300522783706095,148.1816536474162,1,5,0,4.0,1,7.02
102,0.2155472987805934,0.8021762708641615,139.121,0.3656772580463315,12.60832566801243,4.0,0,0,,0.0263063602935108,,,3,,0,177.5323426822467,-18.68360956118444,0.6440620683941827,267.23994584257974,,1,1,0,0,1,0,,,1,5,0,1.0,1,5.0
103,3.591881323556819,0.7845863830548403,121.131,0.4826759236079034,11.68951355144836,4.0,0,0,,0.0331889376719305,,,2,,0,173.01726511963602,-16.548715354538576,0.6742981770333765,177.51638118995118,,1,1,1,0,1,0,,,1,5,0,1.0,0,6.62
106,0.3233609764158326,0.6998550587234335,139.121,0.4867663504284539,11.102561134911824,4.0,0,2,179.99999329395288,0.0293181189255953,2.1599319129194967,142.8116378529771,3,116.98373026061904,0,176.91747774887287,-21.378993891645575,0.6334926834744109,262.4206529873001,172.98683657345356,1,1,0,0,1,0,4.339891627020575,101.85139124488916,1,5,0,2.0,0,8.74
107,0.2155739842772217,0.7939655460007901,139.121,0.5516736371882202,11.398004479714343,4.0,0,1,2.476179059288797e-06,0.0284195848604639,2.130387248831497,146.60469755885632,3,121.22067500310114,0,178.2146136898139,-21.067285899619897,0.5816947083013514,262.4083843059427,128.55814840435315,1,1,0,0,1,0,4.416415451036063,134.95075898618123,1,5,0,2.0,0,8.6
108,4.430744093270369,0.7333153666056985,121.131,0.4432954817405458,10.469818786176685,4.0,0,2,179.21609727159026,0.0352487998501463,2.1606520299199667,142.96373178916102,2,117.27707243098544,0,173.6961447569876,-19.48778677418744,0.6309997858207242,169.9562540049674,173.02022156724675,1,1,1,0,1,0,4.353160795902531,102.17381481699788,1,5,0,2.0,1,9.17
109,7.5955613027492035,0.8058785571132024,121.131,0.5851850589582492,11.14736993479885,4.0,0,1,1.868884048086427e-05,0.0392165069640632,2.168907391179854,116.00266603517343,2,78.86930681653794,0,175.90725486311894,-17.324529008445232,0.6712949601926429,175.8456094537498,86.83657310488702,1,1,1,0,1,0,3.1986568036299245,104.51052023482362,1,5,0,2.0,0,9.04
110,88.42418951303335,0.7099097569393543,103.14,0.2883310563624539,10.238194592350002,4.0,0,2,179.99998346590652,0.0410728447457444,2.161297153260779,142.95577732663227,1,117.63566232700585,0,171.28282347886784,-10.261374099258145,0.6375744346865097,203.91984502463217,172.91779786590337,1,1,1,0,1,0,4.365037364387288,102.50053270205524,1,5,0,2.0,0,9.58
111,98.8320127762899,0.7187480092092772,103.14,0.3980933220675404,10.382594343794317,4.0,0,1,0.0497421132694922,0.0420836272867971,2.1313347423899662,145.72521760460904,1,120.9420386043189,0,173.17647366322154,-10.17369987794032,0.7126027860146485,204.51613307626067,127.71805584696004,1,1,1,0,1,0,4.413678904877326,135.0723236912908,1,5,0,2.0,1,9.48
112,0.2197597340508357,0.5901884179890671,153.148,0.5749764508433549,13.608496138328167,6.0,1,0,3.39315714211106,0.0236492204526912,1.4898024174374211,114.57902865739771,3,91.52474119814802,1,194.9440365484897,-15.096111514258844,0.5958572814387458,298.5919208106533,95.5465026980904,1,1,0,0,2,0,2.708843666075944,124.9124543299373,1,6,0,2.0,1,6.41
113,8.76431882938273,0.6207946458343392,135.158,0.4600670065850868,12.9046779086188,6.0,1,0,2.402732252173984,0.0340377087904506,1.4827152270145665,112.12096277554048,2,90.14972623901735,1,191.86084060574197,-11.84705711217952,0.6240232263115575,211.36519837472065,92.95311472906704,1,1,1,0,2,0,2.6437555662332133,124.80316139909831,1,6,0,2.0,1,7.99
114,56.43432790547711,0.6043915781113224,117.167,0.4511716886370746,10.480549777441093,6.0,1,0,2.55973044685012,0.0344279035638303,1.4755753695062297,110.31124773629386,1,89.01597205018811,1,189.10637115027995,-8.088744222726383,0.5352833467315358,234.71263985336375,91.06442452949229,1,1,1,0,2,0,2.5909706885897346,124.60569001722016,1,6,0,2.0,1,9.52
115,85.63898707677923,0.5876324307973995,85.15,0.1745796689561977,8.656439265406581,6.0,1,0,,0.0364488973410329,,,0,,0,161.4365658740273,-3.1034841246144587,0.3252375622585394,240.87296381404383,,1,1,1,0,2,0,,,1,5,0,0.0,0,11.12
116,0.3109233083440204,0.6778125818655801,139.121,0.4361457107463578,12.28559615123242,5.0,1,0,69.45062474010194,0.022642901944729,1.493487549425314,117.3242152188444,3,111.45338933678696,1,173.0316258801672,-17.415465662572892,0.6695003185765837,263.76954594060726,109.40876409237312,1,1,0,0,2,0,3.0264512873959526,127.22357823139716,1,5,0,2.0,1,6.06
117,4.930604175708893,0.670246346273359,121.131,0.480553923884276,11.558037718197625,5.0,1,0,13.815619581564713,0.0313276401815728,1.4775902879216514,115.33662953609652,2,95.664404709362,1,170.1692639860753,-14.420878523339596,0.61200916498398,179.22515685606226,96.64063502292376,1,1,1,0,2,0,2.7773575463318174,127.92735720389008,1,5,0,2.0,0,7.78
118,91.29503011121534,0.621224462326784,103.14,0.335758948996987,10.294822019885162,5.0,1,0,15.448358713401696,0.0372645462091965,1.4700205190038798,113.7821759722827,1,94.80111142027968,1,166.17630475944327,-9.201248101739816,0.6646655519148158,215.02205647128304,95.09907173111634,1,1,1,0,2,0,2.7327400839847127,127.68672153547914,1,5,0,2.0,0,9.55
119,53.00559726399776,0.6359211521283942,71.123,0.1916940282917477,7.571427555359402,5.0,1,0,,0.0326096294327236,,,0,,0,135.60166287306564,-4.677666859537789,0.3059452619580363,207.79816327938065,,1,1,1,0,2,0,,,1,4,0,0.0,0,11.31
120,0.4876218928746362,0.6177602971732395,125.094,0.3914834489292583,11.485705768131044,4.0,1,0,82.99444390844924,0.0237563415337784,1.5036602813821032,116.9632000689954,3,124.31790111092953,1,150.87400296742842,-20.884094341827076,0.7271551439517541,248.4309098291047,113.40717445998791,1,1,0,0,2,0,3.3004777983706504,135.7485932400956,1,4,0,2.0,0,5.84
121,4.678610694188518,0.6266764983879467,107.104,0.4894972994063016,11.322843754277894,4.0,1,0,35.86934823326207,0.0353846213326147,1.500364090330914,114.82210422741925,2,107.5617235459203,1,148.48329576163712,-17.526902036660527,0.7471571298002841,157.1623760352955,99.85195986519948,1,1,1,0,2,0,3.042351623098744,136.1440447876159,1,4,0,2.0,1,7.83
122,77.30061404937489,0.6326487321089455,89.113,0.3036823709548227,8.98532262116835,4.0,1,0,36.9195394548176,0.0356608770527436,1.49273649345848,113.48841107976556,1,106.8946871764692,1,145.33048885413115,-12.955116160345506,0.6790968623778465,177.8622022028675,98.62831009504391,1,1,1,0,2,0,3.003738182544608,135.88193973312863,1,4,0,2.0,0,9.67
123,65.11443949749663,0.5449273488590114,57.096,0.2189169960978925,7.629591546072429,4.0,1,0,,0.0373425713264482,,,0,,0,114.67524269588212,-4.818445900955231,0.2735503738195064,188.43668508076047,,1,1,1,0,2,0,,,1,3,0,0.0,1,11.29
126,122.71093078519974,0.461363647403886,63.075,0.3913210742586738,10.181664465856144,0.0,0,0,,0.0507493186932566,,,1,,0,108.06244837735562,-18.64766790058255,0.7367659306824067,140.99239215761082,,0,1,1,0,1,0,,,0,2,0,1.0,0,8.96
130,80.49253122379525,0.6134579614123067,117.167,0.2603797067195995,9.410899219647794,6.0,1,0,89.1579492634537,0.0337961410268291,2.476316192007166,144.0477545746863,1,132.78339217237055,1,188.16069873293335,-8.916770382530755,0.6422838373782467,223.1462445719888,142.4859776163947,1,1,1,0,2,0,4.420462033581571,134.52602871599495,1,6,0,2.0,0,10.32
132,6.702013653562004,0.6282504625393658,121.131,0.4338093325397577,10.934114532045424,5.0,1,0,118.79713518693352,0.0365870228208366,2.31443565914118,147.41700444840214,2,150.3664737496796,1,167.62980813773976,-15.469867289111756,0.6876058285014618,180.9823346812884,150.84052146254703,1,1,1,0,2,0,4.472431821685397,146.14070974574398,1,5,0,2.0,0,9.75
133,94.1933608181072,0.7034131313986224,103.14,0.2808380480451646,9.3314201771533,5.0,1,0,116.37524789650408,0.03973728544582,2.315273255277641,148.24405574094936,1,149.9078953741642,1,165.29403320814797,-9.09059727400116,0.5137099296880142,214.7931725182504,151.24662385098603,1,1,1,0,2,0,4.481689216132797,146.2575313628712,1,5,0,2.0,0,10.38
134,0.3972150963667773,0.6589667081744836,125.094,0.2726980655413391,10.0675231168531,4.0,1,0,179.99998032831223,0.0241372042963305,2.0912903387994564,144.05676786901824,3,176.14041692668167,0,148.30425803455324,-27.927411095755232,0.8831096367610483,234.2843134393904,150.3340966638982,1,1,0,0,2,0,4.472557406342254,161.2718960339621,1,4,0,2.0,1,8.67
135,5.714436735106119,0.5947681283280785,107.104,0.4329350280619798,10.353966547564475,4.0,1,0,5.769383972796765e-06,0.0376268552414098,2.0997886611588115,109.13210491771746,2,134.16189349415532,0,149.64254646286787,-23.3052565779033,0.8060612404231347,152.88457403865738,103.44173207136691,1,1,1,0,2,0,3.768367685494956,162.91047041966647,1,4,0,2.0,0,9.57
136,106.05281527224878,0.57049880825873,89.113,0.391269249576163,8.383642790319442,4.0,1,0,0.3169824738536027,0.0390899664857943,2.1036304961662533,110.42829276212083,1,134.79959083910512,0,146.9669396699128,-18.46927198787143,0.7323207246916428,177.56126810846024,104.82094652580942,1,1,1,0,2,0,3.804856730234495,163.12200730660467,1,4,0,2.0,1,10.05
137,0.511163407317828,0.583501517742357,113.083,0.3945627273777138,11.30777654700781,0.0,0,0,,0.0314520168327244,,,3,,0,139.5352158613002,-26.650769258752867,0.5794156663616521,231.3955282864577,,0,1,0,0,1,0,,,0,3,0,1.0,0,8.88
138,7.138520664938822,0.6082703782448189,95.093,0.3888361961646058,11.91435485041402,0.0,0,0,,0.0441667470827526,,,2,,0,136.02009228654458,-19.21354309672379,0.50555873866762,145.70623148202182,,0,1,1,0,1,0,,,0,3,0,1.0,0,9.02
139,99.01814487287936,0.569550838642207,77.102,0.2669358824292112,10.089187159653232,0.0,0,0,,0.0437632065668689,,,1,,0,134.0154102392152,-12.388330766371745,0.8222372519956794,160.74361958567286,,0,1,1,0,1,0,,,0,3,0,1.0,1,10.05
140,85.2493037353694,0.5574393660701853,45.085,0.1580642052820867,8.813618340820051,0.0,0,0,,0.0471593201434875,,,0,,0,104.9612820812232,-5.438140959142295,0.8344129108473579,182.19806712476208,,0,1,1,0,1,0,,,0,2,0,0.0,0,10.75
141,0.3244759905858601,0.6376119298323288,153.148,0.3260129020019989,12.298357040919742,6.0,1,0,179.99998355682828,0.0272768015145209,2.9326974378925805,112.06560889476408,3,174.24454383415983,0,189.0339420849861,-15.00882204281632,0.6158412843222035,291.3117065812521,117.97679689062149,1,1,0,0,2,0,4.588848001733974,152.31484328808236,1,6,0,2.0,0,9.6
142,7.150318535820773,0.6333310792787643,135.158,0.372012401086434,11.48034610814739,6.0,1,0,3.0339914778723063e-05,0.0349140655573751,2.9163107674220647,149.06751472463023,2,142.2394785189958,0,190.84330167800744,-12.171216687081802,0.6106164399182831,201.99339484406465,143.16528183140971,1,1,1,0,2,0,4.9677432878173375,152.72687024898482,1,6,0,2.0,1,10.19
143,75.23498454700864,0.6279618380681369,117.167,0.3535166918604188,10.115107021077597,6.0,1,0,0.2640895104470653,0.034808443256566,2.922529261267608,149.48922103145335,1,142.93624284112713,0,187.14085356468607,-7.561111550976551,0.6153583470292671,225.02598875848884,143.71077330305974,1,1,1,0,2,0,4.986765251959175,153.28532005759172,1,6,0,2.0,1,10.46
145,5.987755752794247,0.5381160854431367,109.12,0.5561260413789585,11.426016554134318,0.0,0,0,,0.0384968630884434,,,2,,0,165.2016143341076,-17.979457700539307,0.6970818743668794,164.11785725392284,,0,1,1,0,1,0,,,0,4,0,1.0,1,10.04
146,0.3222541376481652,0.5491441818394533,127.11,0.5482636582885818,11.895772981875302,0.0,0,0,,0.0304145710843813,,,3,,0,165.40776622331975,-21.937035068039403,0.8211156915295937,261.30745568752883,,0,1,0,0,1,0,,,0,4,0,1.0,1,9.74
147,45.77030714314906,0.5354601514700499,59.112,0.1596196189469367,8.593741094578412,0.0,0,0,,0.0384342320876543,,,0,,0,131.29297022107565,-5.358904687159864,0.5715195946303352,200.3537686312756,,0,1,1,0,1,0,,,0,3,0,0.0,0,10.03
149,2.049796067363115,0.5802523454141993,107.104,0.4856750430994629,11.333120842057903,4.0,0,0,45.31886394286404,0.036311674637355,1.5654822813993516,137.06250558855606,2,101.59434006602382,1,145.26309607619717,-18.99363492736525,0.5821936937264944,158.79573381203858,110.84736427756928,1,1,0,0,1,0,2.902510075511761,111.9431790168941,1,4,0,2.0,1,7.2
150,2.653093021446074,0.7082014140344505,107.104,0.5285703857355069,10.795925489639757,4.0,0,0,179.99999539176807,0.0388678207236569,2.121154057379748,161.15849388368602,2,140.71574872431222,0,149.65949540056482,-20.826202466567054,0.428255604457166,159.40890976783786,179.03316823645906,1,1,0,0,1,0,4.126874437324206,135.55713709712063,1,4,0,1.0,0,8.37
152,0.1465740296158806,0.7555070203953832,121.131,0.438973208935851,10.29470157413687,5.0,0,0,115.4097673591295,0.0345094264277165,2.338281750344433,145.631522158991,2,152.23603712700722,1,169.36183076058734,-18.341326149436732,0.6009373379985979,181.28407998506628,149.0099727940771,1,1,0,0,1,0,4.370046678750303,149.55614045897255,1,5,0,2.0,1,8.83
153,0.0,0.6223701133496742,135.158,0.5093316988550984,11.259401495196633,6.0,0,0,3.2124743065783914,0.0309898859950099,1.5472343890380753,123.77207847639096,2,94.9248404046576,1,191.11851427308528,-14.3881337527518,0.5346762861786774,203.1480161816164,91.44640566911733,1,1,0,0,1,0,2.682467361565695,113.631513289581,1,6,0,2.0,0,7.45
155,0.0,0.7267001039165825,135.158,0.5640722881348026,10.241073254111884,6.0,0,0,179.99995948053063,0.0324910316285108,2.95103361127694,156.2329620655331,2,108.4397574159035,0,193.78074324857903,-15.38459931073676,0.5549651319194124,198.8250322812436,179.62890401819038,1,1,0,0,1,0,4.399448265434354,103.3580804299269,1,6,0,2.0,1,9.45
156,0.0,0.7697123229698287,149.185,0.3946263732656679,11.806262921061805,7.0,0,0,117.2419926166379,0.0310517966196951,1.5488635460440925,121.27080933561044,2,122.6962352895469,1,215.30846378303215,-12.513894900091923,0.4309622258864742,226.1632305498271,130.3216972145362,1,1,0,0,1,0,3.155904510767026,115.17801686108022,1,7,0,1.0,1,8.13
157,0.0,0.6729026580171652,149.185,0.4205312759610775,10.478814227698386,7.0,0,0,94.63894474291658,0.0313048810138502,2.578716719549064,129.2447083444208,2,139.42676290836908,1,212.71231154979407,-14.710723928759617,0.5225245099664655,217.99735120389056,128.93337892425498,1,1,0,0,1,0,4.385340975754671,139.88181366574267,1,7,0,2.0,1,9.35
160,0.0,0.561941331137872,109.12,0.4170072251502568,10.612789853662232,0.0,0,0,,0.0340401150209154,,,2,,0,162.9293394767149,-16.402586020331537,0.7344508379750161,171.82088019865088,,0,1,0,0,1,0,,,0,4,0,1.0,0,9.57
161,5.987755752794247,0.5381160854431367,109.12,0.5561260413789585,11.426016554134318,0.0,0,0,,0.0384968630884434,,,2,,0,165.2016143341076,-17.979457700539307,0.6970818743668794,164.11785725392284,,0,1,1,0,1,0,,,0,4,0,1.0,1,10.01
163,59.43799856686985,0.7629710454706405,85.15,0.1579735876888409,8.03370398539663,5.0,0,0,,0.0337657477535705,,,0,,0,164.27101758562827,-5.853674621507083,0.4219211645605032,224.09909601516915,,1,1,1,0,1,0,,,1,5,0,0.0,0,10.52
164,99.03395630685482,0.720929534461479,113.204,0.1573100932140587,9.216645801197748,7.0,0,0,,0.0367792549773484,,,0,,0,206.1128050672525,-4.162071158750124,0.4844114202358323,273.44655986815894,,1,1,1,0,1,0,,,1,7,0,0.0,0,10.69
167,94.42861301364556,0.7473224386043336,129.178,0.5207802915700874,10.43224181563531,3.5,0,0,81.64710035882221,0.0378630657663171,4.173119046051276,148.32856443555815,1,99.26138155009872,0,204.5567562264532,-8.686059689810623,0.7131259783054138,240.4660071131035,141.82406504667782,2,1,1,0,1,0,5.788912906295764,100.45184917637282,2,7,0,2.0,0,9.81
169,0.5502486757624657,0.6727389489188741,139.121,0.4375431680403318,11.39678004863242,4.0,0,2,109.59056035856318,0.0277986020944696,1.5479649347741242,115.85350770901913,3,116.9271936142307,2,178.0565271029645,-22.06290228719596,0.7040312378424092,262.3285067316044,122.0217961424634,1,1,0,0,1,0,3.496268864597876,109.73410454596888,1,5,0,2.0,1,7.95
170,7.087847836526724,0.6643017761301275,121.131,0.4162482782973318,10.80946323313761,4.0,0,2,107.47937740910037,0.0370371022487173,1.5497682179765335,116.07898596286806,2,115.69729731598856,2,174.67864333201703,-19.641936925517506,0.6912671068175453,175.22496053889978,121.0188023440664,1,1,1,0,1,0,3.483813662213496,109.58415858310354,1,5,0,2.0,1,8.98
171,120.44459493705732,0.6113314663660019,103.14,0.2842344203271724,9.585372144168955,4.0,0,2,107.25875256608768,0.0417756477533305,1.55101758111121,116.6991841433624,1,115.36810601039116,2,171.9266122599217,-12.578215757927968,0.5933012385085592,208.2157148663437,121.3769523455244,1,1,1,0,1,0,3.491132131559893,109.34982736626564,1,5,0,2.0,0,9.32
172,0.3116353846456643,0.6937144337470391,125.094,0.3931144784664414,10.92947804153692,3.0,0,2,141.51341360736092,0.0292890736260597,1.5048045101765537,120.91530647274044,3,139.37236985590442,2,153.23227811911232,-26.47006803895544,0.6657293836418091,246.43394564272535,141.2977790542227,1,1,0,0,1,0,3.8278431057659112,119.11308495099011,1,4,0,2.0,0,7.18
173,0.0,0.6966368489176735,125.094,0.6092071922587275,11.306940529954163,3.0,0,1,3.016345580287588,0.0277597350290554,1.5059464572175931,123.8874673429704,3,93.8331538643422,2,153.5747982739237,-24.84350121436803,0.5776609625262316,244.06649869527809,95.28558835082065,1,1,0,0,1,0,3.097087320734514,121.6321552541207,1,4,0,2.0,1,6.92
174,5.740005160134484,0.6613436034496092,107.104,0.3865368215825312,10.975461115576554,3.0,0,2,141.65215468820975,0.0401332515445054,1.5042380280337224,120.82060678670052,2,139.37057995973427,2,149.5677858883211,-22.667604542948062,0.693143151378823,155.1631136681871,141.31361023573973,1,1,1,0,1,0,3.8305126441060087,118.98043954958833,1,4,0,2.0,1,7.76
175,4.8336885559027225,0.696740201147752,107.104,0.5287610469932081,11.743144508082866,3.0,0,1,2.379937579813559,0.042360342499652,1.5043181679208195,122.45322721005772,2,92.33075584752068,2,152.1171128516433,-20.44474223331488,0.5694267879198862,164.31001554635722,93.4120142475056,1,1,1,0,1,0,3.050331926363771,120.87979245053675,1,4,0,2.0,1,7.16
176,98.95891168285674,0.5525673479973042,71.123,0.1506573402039017,8.670753469834084,3.0,0,2,,0.041146784637,,,0,,2,145.4890669364949,-5.7060038065389165,0.620640224374572,227.26677027913036,,1,1,1,0,1,0,,,1,4,0,0.0,1,9.44
177,78.17754022945682,0.6787875848355174,71.123,0.1451941639158263,7.931815244875843,3.0,0,1,,0.0354635451364921,,,0,,2,145.82589675251526,-6.524602900950137,0.4922106226204106,213.1942788487086,,1,1,1,0,1,0,,,1,4,0,0.0,1,9.15
180,71.6168242675371,0.6033288127554322,83.134,0.1779193578402943,8.165825257525277,2.5,0,0,,0.0331836255384665,,,0,,1,156.7420204759141,-6.4760250875109975,0.8067131907035925,222.4096664634429,,2,1,1,0,1,0,,,2,5,0,0.0,0,9.41
182,7.543901205894759,0.7058080440371977,119.115,0.4760087543413748,11.165050910195957,2.5,0,0,138.1380559029258,0.0353546938106894,2.7027680905306988,136.90281949666704,2,136.68009915962742,2,164.78207276637036,-21.56448052361081,0.756389007672506,172.17510829049928,147.95453863723804,2,1,0,0,1,0,4.517572879131296,129.9208621781443,2,5,0,2.0,0,7.44
