,RPCS,PBF,mol_weight,dipole_moment,PPSA5,avg_atoms_in_cycle,FPSA3,chirality,sasa,PNSA5,GeomShapeIndex,TASA,f_freedom,f_to_fg,angle_R1X1R2,angle_X2X1R1,angle_X1X2R2,angle_R2X2R1,distance_between_atoms_in_cycle_and_f_group,distance_between_atoms_in_f_group_centers,nHRing,cis/trans,nF,mol_num_cycles,nFRing,identificator,nO,nARing,nC,nFHRing,fold_id,pKa
0,0.09271100191921222,0.9156428720672829,0.9892913352333149,0.37780514914734503,0.6354288332744414,1.0,0.5868481894670885,0.0,0.8883372481269876,0.2552725437837149,0.46924897689312606,0.20275425793001,0.0,0.6666666666666666,2.0,1.0,4.0,4.0,4.0,4.0,0,0,2,1,0,0,2,1,7,0,1,4.32
1,0.07271657273226252,0.666544312516109,0.6066612786592368,0.18641752435252745,0.7623775809237837,1.0,0.7139013616422045,0.0,0.8137193891186014,0.7377135594221075,0.5520419143963438,0.5158513061215239,1.0,0.0,0.0,0.0,0.0,0.0,0.0,0.0,0,0,0,1,0,0,2,1,7,0,0,4.85
2,0.07149036082639133,0.6881328418401302,0.585222680675486,0.17061212677000004,0.7399657564706125,0.5,0.7068824496973458,1.0,0.69242422578528,0.7042388905559335,0.4896264804156285,0.47213482205049095,1.0,0.0,0.0,0.0,0.0,0.0,0.0,0.0,0,2,0,2,1,0,2,2,7,0,1,4.35
3,0.10231552835467528,0.9432277786181493,0.9678527372495641,0.7779051414264235,0.7976078447426215,0.5,0.6465004217884434,1.0,0.7495079917950018,0.25533912567076056,0.6027701174188476,0.16715058248792636,0.0,0.6666666666666666,2.0,3.0,4.0,3.0,4.0,4.0,0,1,2,2,1,0,2,2,7,0,1,3.8
4,0.18246269223250422,0.45524331364836534,0.9678527372495641,0.5144738361545649,0.7787150206966466,0.5,0.7235145418645881,1.0,0.7503608834119853,0.23389199908766678,0.9722008113841496,0.11955126032855201,0.0,0.6666666666666666,4.0,4.0,2.0,3.0,4.0,4.0,0,2,2,2,1,0,2,2,7,0,1,3.76
5,0.14412549122985452,0.534747175173933,0.30832872516908416,0.22349681021482126,0.645700022838514,0.6666666666666666,0.9124937539470137,0.0,0.38406164737741033,0.6065314267202753,0.5046776048652524,0.2731807578816169,1.0,0.0,0.0,0.0,0.0,0.0,0.0,0.0,0,0,0,1,0,0,2,1,5,0,0,4.5
6,0.09014264769696761,0.7541728370648701,0.6488047130886042,0.0035613121115587454,0.7471109990682593,0.6666666666666666,0.7740816225791107,0.0,0.6762910137967026,0.435607647934941,0.6698531815347675,0.2637577278999015,1.0,0.3333333333333333,0.0,0.0,0.0,0.0,0.0,0.0,0,0,1,1,0,0,2,1,6,0,0,3.66
7,0.07112873143454278,0.8057668231678043,0.8401250584882386,0.465941489180074,0.9190829199839673,0.6666666666666666,0.6805469269198299,0.0,0.700364942210296,0.3169715076412811,0.5233807653764702,0.15131072635033593,1.0,0.3333333333333333,0.0,0.0,0.0,0.0,0.0,0.0,0,0,2,1,0,0,2,1,6,0,0,3.08
8,0.007203812478242974,0.7686201590719761,1.0314347696626824,0.5725807864537451,0.9094198225003648,0.6666666666666666,0.4512882118014505,0.0,0.7337942087594838,0.24419458390834103,0.6692329562569181,0.5414331822631381,0.0,0.3333333333333333,0.0,0.0,0.0,0.0,0.0,0.0,0,0,3,1,0,0,2,1,6,0,1,2.9
9,0.0,0.544463115767674,1.0314347696626824,0.18841995439492598,0.6505658385090435,0.6666666666666666,0.499088145190427,0.0,0.7272373463185979,0.08056357838335781,0.4524291135831531,0.548947603918314,0.0,0.6666666666666666,3.0,1.0,3.0,4.0,3.0,4.0,0,2,3,1,0,0,2,1,6,0,0,3.83
10,0.0028769763807438807,0.5098227420704737,1.0314347696626824,0.43148327509599377,0.7601142273980094,0.6666666666666666,0.5633402944326444,0.0,0.72761315875511,0.10824975597375086,0.5521476288221827,0.5495408088694088,0.0,0.6666666666666666,3.0,3.0,3.0,3.0,2.0,4.0,0,1,3,1,0,0,2,1,6,0,1,3.88
11,0.1856213176615107,0.557233122551704,0.8401250584882386,0.352768586570496,0.7318896022445541,0.6666666666666666,0.8294632069647714,0.0,0.7068180521761789,0.18716488457142566,0.5221337304134377,0.0775709640789638,1.0,0.6666666666666666,3.0,1.0,3.0,4.0,2.0,4.0,0,2,2,1,0,0,2,1,6,0,1,4.11
12,0.20710526646492625,0.6637262740297718,0.8401250584882386,0.1460209484654565,0.699655571399224,0.6666666666666666,0.7279582519023802,0.0,0.7009126317638155,0.1311114913773156,0.694208232009595,0.04565816589525851,1.0,0.6666666666666666,3.0,3.0,3.0,3.0,2.0,4.0,0,1,2,1,0,0,2,1,6,0,0,3.92
13,0.1751274433088344,0.42375569391848833,0.6488047130886042,0.7051537869800901,0.7633276841087112,0.6666666666666666,0.8949822294159075,0.0,0.6820986560395155,0.4473725617253609,0.8818172582845405,0.20953253805113337,1.0,0.6666666666666666,4.0,3.0,1.0,2.0,3.0,4.0,0,2,1,1,0,0,2,1,6,0,0,4.18
14,0.18189202266411125,0.42197803679180335,0.6488047130886042,0.32436343416519736,0.8292865132137804,0.6666666666666666,0.9194013045620939,0.0,0.6730962977289765,0.455553809487504,0.6050258028103024,0.22449260656556658,1.0,0.6666666666666666,3.0,3.0,3.0,3.0,2.0,4.0,0,1,1,1,0,0,2,1,6,0,0,4.12
15,0.24786632603589395,0.32679478603194956,0.5417925049980857,0.6808408895765272,0.8687731318570405,0.5,0.9655919983213219,0.3333333333333333,0.19324784975907217,-0.11259324419931493,0.3999702645467512,-0.1985736900396864,0.0,0.6666666666666666,2.0,2.0,4.0,3.0,1.0,1.0,0,0,2,1,0,0,2,1,4,0,0,3.25
16,0.17297899257524946,0.33546661303691727,0.6909587817431623,0.7319710355113802,0.8314850429120494,0.6666666666666666,0.7568325564943803,0.3333333333333333,0.44724179228103766,0.1406940648984707,0.684007347233198,-0.01804142743592041,0.0,0.6666666666666666,2.0,2.0,2.0,2.0,2.0,1.0,0,0,2,1,0,0,2,1,5,0,1,3.62
17,0.16015426640279135,0.39113395223475744,0.6909587817431623,0.26485613488331233,0.6861394348303308,0.6666666666666666,0.7237881121649248,0.0,0.4450210705727218,-0.06141398381337093,0.5108835220647718,-0.035300295868924914,0.0,0.3333333333333333,4.0,3.0,4.0,4.0,2.0,3.0,0,0,2,1,0,0,2,1,5,0,0,4.02
18,0.09160031062254366,0.6537005682105193,0.8401250584882386,0.6550739765171141,0.8633792836658726,0.8333333333333333,0.6164634084066827,0.3333333333333333,0.6280080811382778,0.2810763971164115,0.7320901624322809,0.14642144065246943,0.0,0.6666666666666666,2.0,1.0,2.0,2.0,1.0,1.0,0,0,2,1,0,0,2,1,6,0,1,3.76
19,0.11668624167611007,0.8451129993880429,0.8401250584882386,0.844246374493677,0.5885570758397206,0.8333333333333333,0.5900094473083737,0.3333333333333333,0.6173671741447504,0.08786626000368192,0.4991017626765457,0.06971384044324347,0.0,0.6666666666666666,1.0,1.0,3.0,2.0,3.0,2.0,0,0,2,1,0,0,2,1,6,0,1,3.98
20,0.19028359248753857,0.2473338170156436,0.9892913352333149,0.5649897548142737,0.9660790187472249,1.0,0.6839868920075625,0.3333333333333333,0.8769571300077945,0.41116063864188457,0.8177041189640792,0.272060263728349,0.0,0.6666666666666666,2.0,1.0,2.0,2.0,1.0,1.0,0,0,2,1,0,0,2,1,7,0,0,3.81
21,0.16502933870326097,1.1215492000962937,1.1384576119783913,0.4982329160969124,0.9086255204060868,1.1666666666666665,0.618862556360855,0.3333333333333333,1.0741482707229684,0.4732916991605496,0.49406096309032943,0.37686430738677956,0.0,0.3333333333333333,2.0,1.0,2.0,2.0,2.0,1.0,0,0,2,1,0,0,2,1,8,0,1,3.78
22,0.18885824921706063,0.6930892516734026,1.1384576119783913,0.8240484446572183,0.6896736078239952,1.1666666666666665,0.6295358209554998,0.3333333333333333,1.0881208514035456,0.36132521032925,0.5156520825124833,0.32384094211821113,0.0,0.6666666666666666,1.0,1.0,3.0,2.0,3.0,2.0,0,0,2,1,0,0,2,1,8,0,1,4.09
23,0.0770012922004272,0.6592410569280058,1.1384576119783913,0.3669825617952272,0.6817590342527803,1.1666666666666665,0.5390553441030741,0.3333333333333333,1.092171941899368,0.36403091239923235,0.5096930304488569,0.3194086309354789,0.0,0.6666666666666666,3.0,2.0,4.0,4.0,4.0,4.0,0,0,2,1,0,0,2,1,8,0,0,4.36
24,0.16780665153378221,0.3070300848793104,0.7123973797269131,0.48746846558751317,0.828866259316193,0.0,0.6948233871567471,0.0,0.5759985940936625,0.14990434095080452,0.7430431442291603,0.14015545024799592,0.0,0.3333333333333333,0.0,0.0,0.0,0.0,0.0,0.0,0,0,2,0,0,0,2,0,5,0,0,3.55
25,0.20235866299886113,0.6878701110959919,0.7123973797269131,0.8880459425388822,0.7318464819285445,0.0,0.7341834458233343,0.0,0.6007880580779017,0.18849991292397839,0.4098635811099093,0.1156953571958178,0.0,0.3333333333333333,0.0,0.0,0.0,0.0,0.0,0.0,0,0,2,0,0,0,2,0,5,0,1,4.17
26,0.18166744238465607,0.36769954856154774,0.15916244842400784,0.17605585040491284,0.6706685355097272,0.5,1.0369417209519,0.0,0.13515085636478297,0.5023324563925473,0.2230193711411712,0.13644499587554204,1.0,0.0,0.0,0.0,0.0,0.0,0.0,0.0,0,0,0,1,0,0,2,1,4,0,1,4.6
27,0.15690143609786314,0.2136131335437459,0.4574950019141607,0.17996935918964846,0.7228144034376122,0.8333333333333333,0.8389745304720375,0.0,0.5769926463950097,0.6852109969479456,0.8544917268159382,0.38773499268987244,1.0,0.0,0.0,0.0,0.0,0.0,0.0,0.0,0,0,0,1,0,0,2,1,6,0,1,4.69
28,0.10565403428385063,0.8239416987427979,0.7558275554043133,0.17788030553661882,0.7719081563845319,1.1666666666666665,0.7574947368163674,0.0,1.022417809267224,0.7948308583362669,0.6321385061230564,0.6168793317838509,1.0,0.0,0.0,0.0,0.0,0.0,0.0,0.0,0,0,0,1,0,0,2,1,8,0,0,5.08
29,0.18644681773318722,0.30518293652512085,0.32976732315283497,0.17121604783381805,0.710926321378884,0.0,0.8918401944485872,0.0,0.5410780556398203,0.632918765073502,0.5048789549062536,0.3790631194945354,1.0,0.0,0.0,0.0,0.0,0.0,0.0,0.0,0,0,0,0,0,0,2,0,5,0,0,4.75
30,0.1704099152311949,0.7488138749668682,0.7343889574205623,0.22375138723100013,0.7509991907150492,0.5833333333333333,0.7635810707962734,0.0,0.9908291891517316,0.7209938195034289,0.8447321569648709,0.5766134126111674,1.0,0.0,0.0,0.0,0.0,0.0,0.0,0.0,0,0,0,2,0,0,2,2,8,0,1,4.59
31,0.22691301952473372,0.49707019886227655,1.1170190139946405,0.36283223470871767,0.6983211885421322,0.5833333333333333,0.6204415657425808,0.0,1.031103432684348,0.2792498263617681,0.6883917232931165,0.2230047458958191,0.0,0.6666666666666666,4.0,4.0,4.0,4.0,4.0,4.0,0,0,2,2,0,0,2,2,8,0,0,4.35
32,0.004379420274220395,1.0243661948712157,1.0314347696626824,0.6268883510301713,0.6462477490033945,0.6666666666666666,0.5147028951148644,0.6666666666666666,0.71868399747045,0.07422426279727912,0.47862035265391945,0.5276510397968289,0.0,0.6666666666666666,2.0,2.0,1.0,2.0,2.0,2.0,0,1,3,1,0,0,2,1,6,0,0,3.87
33,0.18910419742491297,0.2896088036004356,0.8401250584882386,0.262741207097899,0.8416753131216014,0.6666666666666666,0.8740353165206491,0.6666666666666666,0.6982996243299577,0.2336789384456458,0.667984537853126,0.13208954785881155,1.0,0.6666666666666666,2.0,2.0,1.0,2.0,2.0,2.0,0,2,2,1,0,0,2,1,6,0,0,4.26
34,0.13880844483245258,0.7589986348916264,0.6488047130886042,0.3919659373644166,0.653497173796271,0.6666666666666666,0.8534675320699254,0.6666666666666666,0.6693269576092169,0.3189500896732034,0.5873561411182284,0.23575470276014465,1.0,0.6666666666666666,2.0,2.0,1.0,2.0,2.0,2.0,0,2,1,1,0,0,2,1,6,0,0,4.38
35,0.005610270760856623,0.3945147083629521,0.882268492917606,0.3394517169512982,0.6106657275197412,0.5,0.6265460051936944,0.6666666666666666,0.46855497433195614,-0.09816011022425286,0.6969805022712823,0.43356547135040346,0.0,0.6666666666666666,3.0,2.0,2.0,3.0,1.0,2.0,0,2,3,1,0,0,2,1,5,0,1,3.88
36,0.0,0.4996026855483555,0.882268492917606,0.8012700899161183,0.8557186445274055,0.5,0.6632269300625457,0.6666666666666666,0.4943722894985063,0.03135098186371876,0.5542277357887204,0.465551356550724,0.0,0.6666666666666666,1.0,2.0,2.0,1.0,1.0,1.0,0,1,3,1,0,0,2,1,5,0,1,3.76
37,0.25710616490685556,0.4264348224141852,0.6909587817431623,0.6463572661071058,0.7103219257623935,0.5,0.8963971356367046,0.6666666666666666,0.4402376549432119,-0.022681529811403367,0.5905238396222487,-0.053742725668327274,1.0,0.6666666666666666,3.0,2.0,2.0,3.0,1.0,2.0,0,2,2,1,0,0,2,1,5,0,0,4.18
38,0.22455051415566285,0.5097741162391913,0.6909587817431623,0.6081108780618916,0.8320474525978684,0.5,0.9101178577331104,0.6666666666666666,0.4321577384928632,0.092864032478293,0.25689676249782656,0.008743217980190066,1.0,0.6666666666666666,1.0,2.0,2.0,1.0,1.0,1.0,0,1,2,1,0,0,2,1,5,0,1,4.17
39,0.23753251436439263,0.42668145906120825,0.4996384363435281,0.40972629369450714,0.7190055897610595,0.5,1.0932543809124993,0.6666666666666666,0.4159389880829607,0.21275150725563008,0.952710036420245,0.13336232305378182,1.0,0.6666666666666666,3.0,2.0,2.0,3.0,1.0,2.0,0,2,1,1,0,0,2,1,5,0,1,4.35
40,0.2060019412675732,0.7143043331445749,0.30832872516908416,0.1798064781301586,0.7046193791588157,0.5,0.9115210166665471,0.6666666666666666,0.3928468817815993,0.5824582768812998,0.5639997495736189,0.2936873250107377,1.0,0.0,0.0,0.0,0.0,0.0,0.0,0.0,0,2,0,1,0,0,2,1,5,0,1,4.79
41,0.1622493165735754,0.36589338116459524,0.30832872516908416,0.16727649854583304,0.7082776281246702,0.5,0.9412850368884764,0.6666666666666666,0.4042938949653887,0.6280055516324945,0.44994801128094175,0.30363420703151034,1.0,0.0,0.0,0.0,0.0,0.0,0.0,0.0,0,1,0,1,0,0,2,1,5,0,1,4.83
42,0.15033746970858705,0.9572718265761933,0.8186864605044878,0.7382387548491016,0.8386544580368164,0.41666666666666663,0.6614237589129042,0.3333333333333333,0.5805720134520054,0.14148647055160335,0.508875485558306,0.058460153210415866,0.0,0.6666666666666666,2.0,2.0,4.0,2.0,1.0,1.0,0,0,2,2,0,0,2,2,6,0,0,3.51
43,0.07324652466079318,0.5049105659000115,0.6595240120804798,0.5092907034211442,0.3510238956836901,0.5,0.45892997673408176,1.0,0.6173565718787286,0.6281866417526378,0.45276979460121347,0.40878380646187995,0.0,0.6666666666666666,4.0,4.0,2.0,3.0,4.0,4.0,0,2,2,2,1,1,0,2,6,0,0,8.89
44,0.0691772732907491,0.47446260033847465,0.6595240120804798,0.6484614296293167,0.29184078876216846,0.5,0.4061317320832183,1.0,0.5921875884754901,0.5871922078734598,0.4833804961068777,0.3797857646449776,0.0,0.6666666666666666,3.0,3.0,4.0,3.0,4.0,4.0,0,1,2,2,1,1,0,2,6,0,0,8.95
45,0.0,0.6436680334664486,0.6809626100642306,0.7215616934294988,0.28532113867253217,1.0,0.36916733898477827,0.0,0.7446472865463403,0.6612391552960916,0.3572462700869855,0.4921978164472668,0.0,0.6666666666666666,2.0,1.0,4.0,4.0,4.0,3.0,0,0,2,1,0,1,0,1,6,0,1,9.45
46,1.004684311796438,0.32915854947632117,0.29833255349015275,0.020522576466818876,0.1058122817803061,1.0,0.5063816566596011,0.0,0.6583208595611765,0.9616650533466145,0.27606404654431127,0.7696130121304222,1.0,0.0,0.0,0.0,0.0,0.0,0.0,0.0,0,0,0,1,0,1,0,1,6,0,1,10.58
47,1.039243878128171,0.49979572613123713,0.2768939555064017,0.027100336709321382,0.1257963953501463,0.5,0.5396245700032392,1.0,0.5544262025642379,0.9507024318528297,0.6795879669777429,0.7630536277948691,1.0,0.0,0.0,0.0,0.0,0.0,0.0,0.0,0,1,0,2,1,1,0,2,6,0,0,9.79
48,0.895074863157616,0.6679657242293884,0.2768939555064017,0.01200218071753223,0.1012765617807907,0.5,0.4855733017407551,1.0,0.5686086925488438,0.9487170285073468,0.4870489564007561,0.7174075497821274,1.0,0.0,0.0,0.0,0.0,0.0,0.0,0.0,0,2,0,2,1,1,0,2,6,0,1,9.77
49,0.0,0.6617300664714207,0.8508337232549238,0.7746161501881812,0.38394548444612975,0.3333333333333333,-0.03618552759819893,0.0,0.6405607569800469,0.6186484515377382,0.6726932375702446,0.8607161084177469,0.0,1.0,1.0,3.0,2.0,1.0,1.0,1.0,2,0,3,3,1,2,0,3,6,1,0,6.52
50,0.5546208048059244,0.8225283829055368,0.1277276787613254,0.1255993766271532,-0.08289317980960842,0.3333333333333333,0.35102388047589983,0.0,0.2682441735855785,0.9610970205520327,0.11148316388963408,0.5721148808546493,1.0,0.0,0.0,0.0,0.0,0.0,0.0,0.0,2,0,0,3,1,2,0,3,5,1,0,11.23
51,0.5255202781178844,0.40811016627645746,0.0,0.08010105188948574,-0.05543219918304709,0.8333333333333333,0.36758287241960064,0.0,0.17570848198128908,0.9620799989751195,-0.09490808846987314,0.5085372174688542,1.0,0.0,0.0,0.0,0.0,0.0,0.0,0.0,1,0,0,1,0,2,0,1,4,0,0,11.27
52,0.494251346971087,0.6499230284254411,0.2768939555064017,0.11618090358411659,-0.07747312598559475,0.3333333333333333,0.22364236300450968,0.0,0.5622813764510075,0.9572076984357201,0.4954196251650502,0.7219070012688372,1.0,0.0,0.0,0.0,0.0,0.0,0.0,0.0,2,0,0,3,1,2,0,3,6,1,0,11.28
53,0.0010491806684925005,1.0928559574377643,1.1491662767450763,0.7609709627712664,0.5427722506273528,0.4444444444444444,0.012446920797609007,0.0,0.9928461904067241,0.722488268530757,0.41350668052667494,1.058165921010962,0.0,1.0,1.0,2.0,1.0,1.0,1.0,1.0,2,0,3,3,1,2,0,3,8,1,1,6.56
54,0.6081259197243101,0.784884131399618,0.2768939555064017,0.11224939859311478,-0.02247240323469135,0.5833333333333333,0.34881127031353154,0.6666666666666666,0.45260028524509677,0.9799182271314698,0.18841752922616062,0.6868108855024192,1.0,0.0,0.0,0.0,0.0,0.0,0.0,0.0,1,0,0,2,1,2,0,2,6,1,1,10.42
55,0.6443769440503063,1.1645388654165054,0.42606023225147827,0.07832302330685198,0.030623948294091208,0.4444444444444444,0.33804117446379667,0.0,0.6828421530225999,0.9966935228893419,-0.04809779538032899,0.7950013757258506,1.0,0.0,0.0,0.0,0.0,0.0,0.0,0.0,2,0,0,3,1,2,0,3,7,1,0,10.89
56,0.7687440890841984,0.19088049691142195,0.14916627674507643,0.05061959775340924,0.09883087290323123,1.0,0.46920417907891476,0.0,0.42160730508807687,1.009743030907688,-0.035082318473985796,0.7052074601822748,1.0,0.0,0.0,0.0,0.0,0.0,0.0,0.0,1,0,0,1,0,2,0,1,5,0,0,11.12
57,0.0031481447815975214,0.8508408702694719,1.1491662767450763,0.6581486739602076,0.5827775828267369,0.6666666666666666,0.032136623266047604,0.6666666666666666,1.0194597616536807,0.7331294362201433,0.40571897148006675,1.0678293632091265,0.0,0.6666666666666666,1.0,2.0,1.0,1.0,1.0,1.0,1,0,3,2,1,2,0,2,8,1,1,5.96
58,0.7799766413095194,0.9619342946238465,0.42606023225147827,0.09441529693637007,0.04656045081760951,0.6666666666666666,0.3774218148120039,0.6666666666666666,0.6622069929107823,0.9989352455920523,-0.004326925799392201,0.8016779599658029,1.0,0.0,0.0,0.0,0.0,0.0,0.0,0.0,1,0,0,2,1,2,0,2,7,1,1,10.38
59,0.0,0.9809737708169868,0.9578565655706325,0.7996195507592423,0.37039196350634984,0.75,0.3117683127176827,0.6666666666666666,0.9052057494071406,0.828568022368174,0.14100968068688913,0.674651132640964,0.0,1.3333333333333333,1.0,1.0,1.0,1.0,4.0,2.0,1,0,2,2,1,2,0,2,8,1,1,9.41
60,0.0,0.9770417371217404,1.3404866221447103,0.2716790952367079,0.318110891882852,0.75,0.08190217618201767,0.6666666666666666,1.0170422103927301,0.20443701464230246,0.2688997969506398,0.3635544976159021,0.0,2.0,1.0,1.0,1.0,1.0,4.0,2.0,1,0,4,2,1,2,0,2,8,1,1,6.37
61,0.0,1.0317507622923339,0.9578565655706325,0.4034894981773886,0.2757890159113433,0.75,0.22135014751881665,0.6666666666666666,0.9603042731441749,0.7427384065215903,0.09435871150531328,0.650079752235618,0.0,0.6666666666666666,4.0,4.0,4.0,4.0,4.0,3.0,1,0,2,2,1,2,0,2,8,1,0,7.72
62,0.9500232328739444,1.1263189386356736,0.5752265089965546,0.040387721353476014,0.20935199799828463,0.75,0.4340063716950653,0.6666666666666666,0.9185386470352699,1.029154909627595,0.015067951980065164,0.9497411190100499,1.0,0.0,0.0,0.0,0.0,0.0,0.0,0.0,1,0,0,2,1,2,0,2,8,1,1,10.86
63,0.0,1.0576377462480657,0.9788272576460081,-0.1147282681625772,0.5604219309375876,0.75,0.5034404429416777,0.6666666666666666,0.7648817118398274,0.44089940942591876,0.059071120596532745,0.526991472370718,0.0,0.6666666666666666,4.0,4.0,4.0,4.0,4.0,4.0,2,0,2,2,1,2,1,2,7,1,0,8.05
64,0.9274562838305825,0.8765126283501923,0.59619720107193,0.6481292923034334,0.31975148532776065,0.75,0.6167709041986913,0.6666666666666666,0.730199330865501,0.9377718792289833,0.4427066328615126,0.7582021824248802,1.0,0.0,0.0,0.0,0.0,0.0,0.0,0.0,2,0,0,2,1,2,1,2,7,1,1,10.4
65,0.7941135209660274,1.0256214267831538,0.42606023225147827,0.031610728979740654,0.15907505830912705,0.6666666666666666,0.42083924316926535,0.6666666666666666,0.7154594114711881,1.0168518611417066,-0.01713067032021065,0.8440398128548242,1.0,0.0,0.0,0.0,0.0,0.0,0.0,0.0,1,0,0,2,1,2,0,2,7,1,1,10.53
66,0.6014066928679456,0.20874005998666334,-0.14916627674507643,0.12699508851096536,-0.0621016169787767,0.6666666666666666,0.47476635191891026,0.0,-0.027216674967333043,0.9497086217003572,-0.08360293684182002,0.40355514032335993,1.0,0.0,0.0,0.0,0.0,0.0,0.0,0.0,1,0,0,1,0,2,0,1,3,0,0,11.21
67,0.03061276376797726,0.4938042927686126,0.23346377982900157,0.5612119549887657,0.27494663160260313,0.6666666666666666,0.38117587937747976,0.0,0.03254959818920544,0.39632350561197294,0.6430269613930593,0.022287953119975112,0.0,0.3333333333333333,4.0,4.0,4.0,4.0,2.0,2.0,1,0,2,1,0,2,0,1,3,0,0,6.44
68,0.7095272122531698,0.40012096704567224,0.19130971117444384,0.1644522680110092,0.16706100633466592,0.8333333333333333,0.4664252728921121,0.3333333333333333,0.21621890074128491,0.8093602685316087,-0.11680258682775213,0.3803319529886847,1.0,0.6666666666666666,4.0,4.0,2.0,2.0,3.0,3.0,1,0,1,1,0,2,0,1,4,0,1,8.87
69,0.004182705730517078,0.37093380982173696,0.382630056574078,0.43869208842759216,0.23110242491354926,0.8333333333333333,0.28997281224935667,0.0,0.24421106621404176,0.4789256847120146,-0.015735658830686172,0.21968162932400226,0.0,0.6666666666666666,4.0,4.0,4.0,4.0,3.0,3.0,1,0,2,1,0,2,0,1,4,0,0,6.88
70,0.1438860201676545,0.3927540080901768,0.382630056574078,0.7057301015519044,0.337306536324124,0.8333333333333333,0.5616923348890364,0.6666666666666666,0.24467682385237244,0.4047167196191348,-0.007148951753383703,0.2136826234551109,1.0,1.3333333333333333,4.0,4.0,2.0,2.0,3.0,3.0,1,1,2,1,0,2,0,1,4,0,1,7.07
71,0.1878842246817306,0.42511321650755063,0.382630056574078,0.5969851422666095,0.37836719061543056,0.8333333333333333,0.6272039432937428,0.6666666666666666,0.24471504893906726,0.459691618224344,-0.09382964343654981,0.24046792582135823,1.0,1.3333333333333333,4.0,4.0,4.0,4.0,3.0,3.0,1,2,2,1,0,2,0,1,4,0,1,7.11
72,0.7708856571374049,0.39866667607439243,0.34047598791952016,0.36548919162850063,0.20648111222935228,1.0,0.4355102648889353,0.3333333333333333,0.4626555381926438,0.8629050526185601,0.1141485430954402,0.5161573134952296,1.0,0.6666666666666666,3.0,3.0,3.0,3.0,3.0,3.0,1,0,1,1,0,2,0,1,5,0,0,8.64
73,0.0012663618946909024,0.5129357338753124,0.5317963333191543,0.5507038773273378,0.28347025723003194,1.0,0.2607336762991189,0.0,0.48239261921518106,0.6804210282543361,0.2941159116675588,0.3627338355050542,0.0,0.6666666666666666,3.0,3.0,3.0,2.0,3.0,2.0,1,0,2,1,0,2,0,1,5,0,0,6.79
74,1.2370995473358828,0.27647716129210664,0.5317963333191543,0.3279904877446039,0.20953995205537235,1.0,0.43751383679622724,0.6666666666666666,0.4912495467644338,0.362692740773255,0.11423562113094443,0.31983394045402114,1.0,1.3333333333333333,4.0,4.0,3.0,3.0,3.0,2.0,1,1,2,1,0,2,0,1,5,0,1,6.74
75,1.3532504735388047,0.4897653369827524,0.5317963333191543,0.4296673327327318,0.27629170816428983,1.0,0.5099642310174965,0.6666666666666666,0.47190164049090577,0.4483967969643111,0.21456689831793918,0.37480266646758087,1.0,1.3333333333333333,3.0,4.0,1.0,1.0,3.0,2.0,1,2,2,1,0,2,0,1,5,0,1,6.22
76,0.9218788362849588,0.3660710290478113,0.34047598791952016,0.18391648864856508,0.24655108999054665,1.0,0.48983143353325875,0.0,0.45111548389211675,0.9124107099125269,0.028882887239823907,0.5423376961755427,1.0,0.6666666666666666,4.0,4.0,1.0,1.0,4.0,3.0,1,0,1,1,0,2,0,1,5,0,0,9.05
77,0.03166381566984103,0.31909342160951937,0.5317963333191543,0.6939287049172134,0.3301936334702261,1.0,0.3793249107277241,0.6666666666666666,0.48589521441459693,0.6331192106261151,0.11765875611269982,0.34088643314679423,1.0,1.3333333333333333,4.0,4.0,2.0,2.0,4.0,3.0,1,1,2,1,0,2,0,1,5,0,1,7.01
78,0.03653517192673965,0.29851551348017114,0.5317963333191543,0.816115666527079,0.28577985446539056,1.0,0.349382063653236,0.6666666666666666,0.4887417844096478,0.6012514987129658,0.24102994141601786,0.31430741312349153,1.0,1.3333333333333333,4.0,4.0,4.0,4.0,4.0,3.0,1,2,2,1,0,2,0,1,5,0,0,7.02
79,0.001972058319552173,0.7803351074224649,0.7231060444935983,0.3798053289450381,0.5292723633099822,0.6666666666666666,0.16302303510985672,0.0,0.5853011809134234,0.5720916652414509,0.4685416304323178,0.8364296919593263,0.0,0.3333333333333333,0.0,0.0,0.0,0.0,0.0,0.0,0,0,3,1,0,1,0,1,5,0,0,5.0
80,0.03286239023656019,0.7373774933499389,0.5317963333191543,0.5813478410137456,0.4252841720368953,0.6666666666666666,0.37164467936853973,0.0,0.5413983642460747,0.6317752304253317,0.5175980002965908,0.35686201518264027,1.0,0.3333333333333333,0.0,0.0,0.0,0.0,0.0,0.0,0,0,2,1,0,1,0,1,5,0,0,6.62
81,0.9875550773242381,0.6599724744233777,0.34047598791952016,0.47531425733017013,0.30067923806450747,0.6666666666666666,0.6191637657392473,0.0,0.5211434343305792,0.8076999951145984,0.447897834634704,0.5430260485288462,1.0,0.3333333333333333,0.0,0.0,0.0,0.0,0.0,0.0,0,0,1,1,0,1,0,1,5,0,0,8.1
82,0.6087236096685561,0.33759114140633684,0.0,-0.033816550144154356,0.03367793650073769,0.6666666666666666,0.5506129356250535,0.0,0.2584652293339873,0.9326082884434108,0.367629012222067,0.5418112163359384,1.0,0.0,0.0,0.0,0.0,0.0,0.0,0.0,0,0,0,1,0,1,0,1,4,0,0,9.86
83,0.005916907401455872,0.4859803431866385,0.7231060444935983,0.5883941947619105,0.31974704539535315,0.6666666666666666,0.1966638054421621,0.0,0.580458915881815,0.47745434487692284,0.4436153593958785,0.7838073737268484,0.0,0.6666666666666666,2.0,1.0,3.0,4.0,3.0,3.0,0,2,3,1,0,1,0,1,5,0,0,8.74
84,0.002958453700727936,0.8725126206883895,0.7231060444935983,0.7002035229283805,0.36623767643433525,0.6666666666666666,0.20643623486089213,0.0,0.5906145388714084,0.4957826225740767,0.16319224209706285,0.7935543944353137,0.0,0.6666666666666666,2.0,3.0,4.0,2.0,2.0,3.0,0,1,3,1,0,1,0,1,5,0,1,8.6
85,0.05429090398420724,0.47999881997035,0.5317963333191543,0.5135108287802377,0.37839865791626426,0.6666666666666666,0.5999452571399981,0.0,0.5522009113593283,0.610134696095888,0.540872942474129,0.38283887471058353,1.0,0.6666666666666666,2.0,1.0,3.0,4.0,3.0,3.0,0,2,2,1,0,1,0,1,5,0,1,9.17
86,0.07673114429767955,0.37277372519030383,0.5317963333191543,0.7579304123130324,0.38580011978053597,0.6666666666666666,0.6201172819984793,0.0,0.5685225061641761,0.6022885679581722,0.733825343995931,0.3673267053012118,1.0,0.6666666666666666,1.0,1.0,1.0,1.0,3.0,2.0,0,1,2,1,0,1,0,1,5,0,0,9.04
87,0.7114550693664292,0.6040441746247951,0.34047598791952016,0.2465683488492012,0.23651073933204148,0.6666666666666666,0.5963593988153284,0.0,0.5205744262257204,0.7973890517218871,0.5635331778131423,0.48922577402853806,1.0,0.6666666666666666,2.0,1.0,3.0,4.0,3.0,3.0,0,2,1,1,0,1,0,1,5,0,0,9.58
88,1.13259931064536,0.3352248656928012,0.34047598791952016,0.43564504685338207,0.304200575236827,0.6666666666666666,0.6890804657356511,0.0,0.5411317068203272,0.8161936079613192,0.6392710037153848,0.5259555933950656,1.0,0.6666666666666666,2.0,3.0,3.0,2.0,2.0,3.0,0,1,1,1,0,1,0,1,5,0,0,9.48
89,0.05758770133166622,0.4338581727102713,0.6809626100642306,0.542403509763268,0.47673344913571525,1.0,0.25808309536825647,0.3333333333333333,0.721676527473635,0.72641137424751,0.31373230577277544,0.494328699910881,1.0,0.6666666666666666,1.0,2.0,1.0,1.0,1.0,1.0,1,0,2,1,0,2,0,1,6,0,1,7.99
90,0.06971617395357936,0.2586574303000433,0.5317963333191543,0.5776943312112202,0.4450136063394293,0.8333333333333333,0.35655511499644976,0.3333333333333333,0.5126934683718838,0.6769397151864169,0.5429268324693008,0.37241504689051874,1.0,0.6666666666666666,1.0,2.0,1.0,1.0,1.0,1.0,1,0,2,1,0,2,0,1,5,0,0,7.78
91,0.0008922578163394574,0.558997704607133,0.5739397677485217,0.42425952911746084,0.3631667767110799,0.6666666666666666,0.037872548913854054,0.3333333333333333,0.32284469481803457,0.5201300049690302,0.4997032171480018,0.6766369089583689,0.0,0.6666666666666666,2.0,3.0,1.0,2.0,1.0,2.0,1,0,3,1,0,2,0,1,4,0,0,5.84
92,0.06388799751419925,0.4690061295342087,0.382630056574078,0.5930967673328371,0.3629520211615359,0.6666666666666666,0.40188493546108517,0.3333333333333333,0.30548631195631004,0.6201880637680204,0.47464136530297374,0.22336212677021994,1.0,0.6666666666666666,2.0,3.0,1.0,1.0,1.0,1.0,1,0,2,1,0,2,0,1,4,0,0,7.83
93,1.1226914617996206,-0.051989538894682275,-0.08558424433195799,0.42397950062175543,0.25463067683717366,0.0,0.9039271894010223,0.0,-0.09019641381764365,0.5730964580956692,0.6189483845065749,0.16164323810139036,1.0,0.3333333333333333,0.0,0.0,0.0,0.0,0.0,0.0,0,0,1,0,0,1,0,0,2,0,1,8.96
94,0.002010148671145788,0.2997255402191994,0.8722723212386746,0.4894255212131517,0.46704218783961593,1.0,0.17247614305519587,0.3333333333333333,0.7341336094005855,0.626211571706672,0.4011656992716308,0.962624686393191,0.0,0.6666666666666666,3.0,3.0,3.0,3.0,3.0,3.0,1,0,3,1,0,2,0,1,6,0,0,9.01
95,0.05296240239729914,0.38749423253456317,0.6809626100642306,0.5396054764348115,0.39005569256796624,1.0,0.4356184128604643,0.3333333333333333,0.7025479781197903,0.7234296525960848,0.45223324787247976,0.5018882251346465,1.0,0.6666666666666666,3.0,3.0,3.0,3.0,3.0,3.0,1,0,2,1,0,2,0,1,6,0,1,9.55
96,0.6857220449452801,0.5216857261089569,0.4896422646645965,0.6426319247655372,0.21233716128151958,1.0,0.39618959409453347,0.3333333333333333,0.6868953108378444,0.8684144528135087,0.6363310570874019,0.5962844705563496,1.0,0.6666666666666666,3.0,3.0,3.0,3.0,3.0,3.0,1,0,1,1,0,2,0,1,6,0,1,10.32
97,0.06338409567043983,0.2652921962543704,0.5317963333191543,0.4971700050373324,0.31509815929129015,0.8333333333333333,0.46929113584609916,0.3333333333333333,0.4896587780479347,0.64764845340829,0.49897942366432435,0.36509044703566096,1.0,0.6666666666666666,4.0,3.0,4.0,4.0,3.0,4.0,1,0,2,1,0,2,0,1,5,0,1,9.75
98,0.9836995197340428,0.41058121089944044,0.34047598791952016,0.23366065238317357,0.11285819611649994,0.8333333333333333,0.5198447933236878,0.3333333333333333,0.46704631758784143,0.7918523867204199,0.3908775583928146,0.5205439009484428,1.0,0.6666666666666666,4.0,3.0,4.0,4.0,3.0,4.0,1,0,1,1,0,2,0,1,5,0,1,10.38
99,0.0036341505547660695,0.4305920509455299,0.5739397677485217,0.21963888655331393,0.24171252717597558,0.6666666666666666,0.09727253701821847,0.0,0.30109892214126766,0.31366994592722164,0.8563827401761512,0.6602835911050845,0.0,0.6666666666666666,4.0,4.0,3.0,4.0,2.0,4.0,1,0,3,1,0,2,0,1,4,0,1,8.67
100,0.05228180807077314,0.27380777540372203,0.382630056574078,0.4956639146821508,0.2741312705999547,0.6666666666666666,0.506164875731643,0.0,0.3141119060162021,0.4428878994901754,0.7313760908978013,0.22520631719414919,1.0,0.6666666666666666,3.0,4.0,1.0,1.0,2.0,2.0,1,0,2,1,0,2,0,1,4,0,1,9.57
101,0.9702851200304528,0.21453780753108953,0.19130971117444384,0.42389022715312014,0.051136384001703616,0.6666666666666666,0.550514057259762,0.0,0.28809537077929726,0.5780837328991173,0.6117362901260457,0.35710193337258733,1.0,0.6666666666666666,3.0,4.0,1.0,1.0,2.0,2.0,1,0,1,1,0,2,0,1,4,0,0,10.05
102,0.06531085820248365,0.3067826554780999,0.2549023778127525,0.41969903664501534,0.45073098491781793,0.0,0.7043991874144779,0.0,0.18165258500363657,0.5572767284576848,0.24382784032203164,0.1868384583566094,1.0,0.3333333333333333,0.0,0.0,0.0,0.0,0.0,0.0,0,0,2,0,0,1,0,0,3,0,1,9.02
103,0.9059243956564256,0.2122226982262141,0.06358203241311844,0.20971291984383056,0.24416439365208709,0.0,0.6921672456113064,0.0,0.16215985488332896,0.748083843744388,0.7576207514161488,0.267212497279126,1.0,0.3333333333333333,0.0,0.0,0.0,0.0,0.0,0.0,0,0,1,0,0,1,0,0,3,0,1,10.05
104,0.7766751304754911,0.1853530167913564,-0.27689395550640183,0.02217001974179117,0.07717820993216273,0.0,0.7306271388795649,0.0,-0.12207472878501369,0.9315055542616852,0.718970982884976,0.35496119565692186,1.0,0.0,0.0,0.0,0.0,0.0,0.0,0.0,0,0,0,0,0,1,0,0,2,0,0,10.75
105,0.052335038242782295,0.37398480007362234,0.6809626100642306,0.39071862108393535,0.38104540824576205,1.0,0.4046611692642632,0.0,0.713480611313476,0.7410074869146006,0.4258745283012424,0.48600356499772823,1.0,0.6666666666666666,3.0,4.0,4.0,3.0,4.0,4.0,1,0,2,1,0,2,0,1,6,0,0,10.19
106,0.7843941926253059,0.3010767005679764,0.4896422646645965,0.3588565235720657,0.22684623857992492,1.0,0.40458105747387707,0.0,0.6914492875600871,0.8688805857433481,0.5472952111699558,0.6048944590488036,1.0,0.6666666666666666,3.0,4.0,4.0,3.0,4.0,4.0,1,0,1,1,0,2,0,1,6,0,1,10.46
107,0.8093180116781317,0.5693190844141451,0.21274830915819476,0.325647099566621,0.3026022060373289,0.0,0.5964299146234939,0.0,0.42002958305237637,0.807546659603121,0.2502891452505105,0.42738640070462564,1.0,0.3333333333333333,0.0,0.0,0.0,0.0,0.0,0.0,0,0,1,0,0,1,0,0,4,0,0,10.36
108,0.05478242415723291,0.13545347655584195,0.40406865455782903,0.7078733973204578,0.39546243191983843,0.0,0.5325361691565749,0.0,0.46540208758971713,0.5917770872840693,0.5545632558658593,0.2852476179937332,1.0,0.3333333333333333,0.0,0.0,0.0,0.0,0.0,0.0,0,0,2,0,0,1,0,0,4,0,0,10.02
109,0.002948327150256045,0.16238603656321948,0.5953783657322728,0.6943296151646936,0.4486279489815467,0.0,0.2875493052888136,0.0,0.4674066264868242,0.48113819658487134,0.7558010832271636,0.8047208478872804,0.0,0.3333333333333333,0.0,0.0,0.0,0.0,0.0,0.0,0,0,3,0,0,1,0,0,4,0,0,9.74
110,0.8899889224921393,0.08443034688403928,-0.1277276787613255,0.024849391392903264,0.08224566103078712,0.0,0.5868488842292978,0.0,0.14242399503176673,0.9485273658031192,0.16779091710915006,0.49941717289021537,1.0,0.0,0.0,0.0,0.0,0.0,0.0,0.0,0,0,0,0,0,1,0,0,3,0,1,10.03
111,0.0212542354540441,0.5535915857082492,0.382630056574078,0.586513914066632,0.3319004039081016,0.6666666666666666,0.4140779260450762,0.3333333333333333,0.2729918908872657,0.5481852958096475,0.3108021097003464,0.23971190760396788,0.0,0.6666666666666666,1.0,1.0,3.0,1.0,2.0,1.0,0,0,2,1,0,1,0,1,4,0,1,7.2
112,0.01788562337806737,0.43942072758053374,0.382630056574078,0.6604058725641273,0.23636706048036504,0.6666666666666666,0.43633068492424054,0.0,0.31865652366225605,0.3850850192938894,0.365799451345004,0.19978221551128095,0.0,0.3333333333333333,3.0,3.0,4.0,4.0,2.0,3.0,0,0,2,1,0,1,0,1,4,0,1,8.37
113,0.0,0.381468333405129,0.6809626100642306,0.6272656329067621,0.3921569691073671,1.0,0.33730422670461635,0.3333333333333333,0.7157027504651519,0.6909780414055482,0.28752349337597016,0.5104364603142445,0.0,0.6666666666666666,1.0,1.0,2.0,1.0,2.0,1.0,0,0,2,1,0,1,0,1,6,0,0,7.45
114,0.0,0.6629976735551417,0.6809626100642306,0.5010720201609498,0.30207574271864324,1.0,0.3023083924231613,0.3333333333333333,0.7166138821488759,0.6650774323028351,0.09533875183918317,0.4715578884403827,0.0,0.6666666666666666,4.0,3.0,2.0,3.0,3.0,3.0,0,0,2,1,0,1,0,1,6,0,0,9.12
115,0.0,0.6010596987817989,0.8301288868093072,0.42967393521700176,0.45058783048163475,1.1666666666666665,0.2968619173401923,0.3333333333333333,0.9490878350205152,0.7430799789487788,0.3075452062045516,0.6152214524187088,0.0,0.3333333333333333,2.0,1.0,2.0,3.0,2.0,1.0,0,0,2,1,0,1,0,1,7,0,1,8.13
116,0.001523238466042127,0.5115792777628965,0.8301288868093072,0.5569802237420343,0.34804264404575547,1.1666666666666665,0.3953174812735576,0.3333333333333333,0.9240153688356891,0.7177412698537629,0.22037779156271953,0.6122345629268892,0.0,0.6666666666666666,3.0,3.0,2.0,2.0,3.0,3.0,0,0,2,1,0,1,0,1,7,0,1,9.35
117,0.0,0.5237802180858169,0.8301288868093072,0.6980336057314773,0.26344138008265305,1.1666666666666665,0.3366330963028926,0.3333333333333333,0.9698660676591515,0.6771778921682758,0.36611627956232284,0.56808252091518,0.0,0.6666666666666666,1.0,1.0,3.0,4.0,4.0,4.0,0,0,2,1,0,1,0,1,7,0,0,9.57
118,0.0,0.7067617172958554,0.40406865455782903,0.4142827411722437,0.29626588997482106,0.0,0.35853618563036616,0.0,0.4745348058333476,0.5337119285521988,0.38694645501512237,0.3346408081965606,0.0,0.3333333333333333,0.0,0.0,0.0,0.0,0.0,0.0,0,0,2,0,0,1,0,0,4,0,1,7.59
119,0.0,0.19363893634002483,0.40406865455782903,0.46822659823793406,0.3034240574224384,0.0,0.397445191057338,0.0,0.4433073915189243,0.6358604537662695,0.6151922780089081,0.3264198655750994,0.0,0.3333333333333333,0.0,0.0,0.0,0.0,0.0,0.0,0,0,2,0,0,1,0,0,4,0,0,9.57
120,0.7761797620926022,0.25478067037650587,-0.14916627674507643,0.0030651627315925745,-0.0024953206434688013,0.5,0.6082518936190504,0.0,0.00761634611364137,0.8932299391602032,0.7863849632353939,0.4267814810186915,1.0,0.0,0.0,0.0,0.0,0.0,0.0,0.0,0,0,0,1,0,1,0,1,3,0,1,8.76
121,0.5438026838398922,0.6845890196510127,0.14916627674507643,0.022013902104280725,0.011531438959980878,0.8333333333333333,0.3891286916855001,0.0,0.456353335298495,0.9307681073309308,0.1081306241587463,0.6058441461665122,1.0,0.0,0.0,0.0,0.0,0.0,0.0,0.0,0,0,0,1,0,1,0,1,5,0,1,10.52
122,0.9060690556456333,0.5819162212491735,0.4474988302352291,0.02087096305835684,0.1454129775126799,1.1666666666666665,0.48047279106042273,0.0,0.8632062186358416,0.9780589403944356,0.2095175166290355,0.8696037135267963,1.0,0.0,0.0,0.0,0.0,0.0,0.0,0.0,0,0,0,1,0,1,0,1,7,0,1,10.69
123,0.9683078512243131,0.757634522024214,0.42606023225147827,-0.032819652665628474,0.1593455766515096,0.5833333333333333,0.4996980951588712,0.0,0.8511921035918575,0.9615853705878311,0.6155591730895593,0.8733700086608757,1.0,0.0,0.0,0.0,0.0,0.0,0.0,0.0,0,0,0,2,0,1,0,2,7,0,0,10.21
124,0.021380886040084274,0.774383735948774,0.8086902888255564,0.8520330934183715,0.29187981111546424,0.5833333333333333,0.3012784755140737,0.0,0.8736842557118172,0.6560023438995592,0.7622362065772483,0.5005862813536038,0.0,0.6666666666666666,1.0,1.0,4.0,3.0,4.0,4.0,0,0,2,2,0,1,0,2,7,0,0,9.58
125,0.005034266191219996,0.4642262963270116,0.7231060444935983,0.503601920664899,0.39215353854383783,0.6666666666666666,0.20825520919680385,0.6666666666666666,0.5903981415311601,0.47761942532414137,0.5658382036127712,0.810178311363832,0.0,0.6666666666666666,2.0,1.0,1.0,2.0,2.0,2.0,0,2,3,1,0,1,0,1,5,0,1,7.95
126,1.1019565860228755,0.3142583735484612,0.34047598791952016,0.23951147153103836,0.18714423550229087,0.6666666666666666,0.6319212411070425,0.6666666666666666,0.5307932900510544,0.7427753777624639,0.3861850654655311,0.520948319452636,1.0,0.6666666666666666,2.0,1.0,1.0,2.0,2.0,2.0,0,2,1,1,0,1,0,1,5,0,0,9.32
127,0.002851175386720529,0.4225060272695069,0.5739397677485217,0.4270689075063541,0.3837127686928331,0.5,0.30613867728755306,0.6666666666666666,0.35044658419940156,0.3725237071116475,0.5454209711768676,0.7399698255707124,0.0,0.6666666666666666,3.0,2.0,2.0,3.0,1.0,2.0,0,2,3,1,0,1,0,1,4,0,0,7.18
128,0.0009503917955735091,0.5326070388415296,0.5739397677485217,0.7993111333355545,0.40512028864640637,0.5,0.2324099908112487,0.6666666666666666,0.34999220435170253,0.4140471804793022,0.31964870543943913,0.7080258511613163,0.0,0.6666666666666666,1.0,2.0,2.0,1.0,1.0,1.0,0,1,3,1,0,1,0,1,4,0,1,6.92
129,0.08706556148541526,0.21177073805515856,0.382630056574078,0.41573817374364513,0.4011686176413357,0.5,0.6892564096769283,0.6666666666666666,0.3189221465303733,0.5021159142505259,0.4955695290190487,0.26359257063551833,1.0,0.6666666666666666,3.0,2.0,2.0,3.0,1.0,2.0,0,2,2,1,0,1,0,1,4,0,1,7.76
130,0.04975174942023731,0.38836384184587147,0.382630056574078,0.6607344022593065,0.3566129110360935,0.5,0.5240050022427172,0.6666666666666666,0.3343087917358978,0.48838501145444435,0.37910177638336906,0.24490877735586813,1.0,0.6666666666666666,1.0,2.0,2.0,1.0,1.0,1.0,0,1,2,1,0,1,0,1,4,0,0,7.16
131,0.9053824667812387,0.17074601317643956,0.0,0.00941089599345446,0.08363064449269775,0.5,0.6128594202034565,0.6666666666666666,0.2737251246931143,0.9348964246421461,0.43054101809029377,0.6227751964812714,1.0,0.0,0.0,0.0,0.0,0.0,0.0,0.0,0,2,0,1,0,1,0,1,4,0,1,9.44
132,0.5464784561262486,0.6002599355431526,0.1277276787613254,0.056372691911960315,0.08658628664153534,0.41666666666666663,0.4336942236855219,0.3333333333333333,0.38656635148424834,0.9242583681224336,0.5483484927248896,0.6434328621418478,1.0,0.0,0.0,0.0,0.0,0.0,0.0,0.0,0,0,0,2,0,1,0,2,5,0,1,9.41
