,f_freedom,PPSA5,mol_num_cycles,nFRing,nF,identificator,mol_weight,dipole_moment,nHRing,nO,PBF,nC,nARing,cis/trans,PNSA5,FPSA3,mol_volume,RPCS,GeomShapeIndex,WPSA5,TASA,f_to_fg,avg_atoms_in_cycle,nFHRing,chirality,fold_id,logP
0,1.0,0.4001005255153074,0.3333333333333333,0.0,0.0,0.0,0.5657569963497305,0.5950330211059686,0.0,0.0,0.3699884553380455,0.6666666666666665,0.3333333333333333,0.0,0.9448658597155266,0.42771255284165655,0.6872251539138086,0.6540945859069065,0.4512482511199307,0.455803580921351,0.8706944007520083,0.0,1.0,0.0,0.0,0,2.88
1,1.0,0.24004178842033408,0.6666666666666667,1.0,0.0,0.0,0.5482357031114201,0.5865896159862669,0.0,0.0,0.37354862021985435,0.6666666666666665,0.6666666666666666,1.0,0.8694103594504276,0.19742429706663933,0.5831134564643796,0.398908370571306,0.9672751596893248,0.30307151083986295,0.7986045530824519,0.0,0.33333333333333326,0.0,1.0,1,2.87
2,1.0,0.34607702761462145,0.6666666666666667,1.0,0.0,0.0,0.5482357031114201,0.592556181185809,0.0,0.0,0.6889976737148978,0.6666666666666665,0.6666666666666666,0.5,0.9081965924968161,0.391309772017864,0.5830035180299031,0.4834452438049602,-0.1035805140290682,0.3656225294159663,0.8375386731144467,0.0,0.33333333333333326,0.0,1.0,1,2.92
3,0.0,0.4682043657484116,0.6666666666666667,1.0,0.6666666666666666,0.0,0.860950808273944,0.577746135090593,0.0,0.0,0.5246341374959412,0.6666666666666665,0.6666666666666666,0.5,0.3512191861936529,0.2689566294571617,0.7083333333333335,0.268157030621653,0.618081824679984,0.5710189272826458,0.4386308649633688,1.0,0.33333333333333326,0.0,1.0,0,2.37
4,0.0,0.5326624672411673,0.6666666666666667,1.0,0.6666666666666666,0.0,0.860950808273944,0.46077338500768006,0.0,0.0,0.42006150299937695,0.6666666666666665,0.6666666666666666,1.0,0.3917519591199823,0.30190266721436876,0.736257695690413,0.3217884367459837,0.6185932706901722,0.597168563359245,0.4396840296204998,1.0,0.33333333333333326,0.0,1.0,0,2.88
5,1.0,0.1859747141430943,0.3333333333333333,0.0,0.0,0.0,0.321936381018599,0.6020385690149016,0.0,0.0,0.3571431732555006,0.33333333333333326,0.3333333333333333,0.0,0.8626313457229146,0.5329979356905943,0.26110378188214556,0.5212791343477,0.79881322688155,0.07543901349025806,0.6261045152392644,0.0,0.6666666666666665,0.0,0.0,0,2.26
6,1.0,0.44579685694076554,0.3333333333333333,0.0,0.3333333333333333,0.0,0.6001998957065878,0.47275301200390085,0.0,0.0,0.31135370904710646,0.5,0.3333333333333333,0.0,0.6292945032200978,0.3505030095739565,0.561015831134565,0.5068227436159981,0.501675456247666,0.3720611982237201,0.584830412313889,0.5,0.6666666666666665,0.0,0.0,0,1.88
7,1.0,0.779435125639083,0.3333333333333333,0.0,0.6666666666666666,0.0,0.7565617938466888,0.27390164097134534,0.0,0.0,0.6565116048053451,0.5,0.3333333333333333,0.0,0.42305885964023093,0.19728454754018476,0.6350043975373789,0.2502954437922152,0.9170651932454215,0.6507613640959562,0.44408672849169406,0.5,0.6666666666666665,0.0,0.0,0,2.19
8,0.0,0.7704213281204626,0.3333333333333333,0.0,1.0,0.0,0.9129150008691119,0.6982108451503479,0.0,0.0,0.8509447067073742,0.5,0.3333333333333333,0.0,0.29086487321049903,-0.28443274755941217,0.7037159190853122,0.004158523586963487,0.33374842744068545,0.6695154522721554,0.9085753696155336,0.5,0.6666666666666665,0.0,0.0,0,2.51
9,0.0,0.636337293567971,0.3333333333333333,0.0,1.0,0.0,0.9129150008691119,0.2322245635560871,0.0,0.0,0.3934651053665009,0.5,0.3333333333333333,1.0,0.20699013495579144,0.10897177653678503,0.7110817941952505,0.020730319074770777,0.3727591063541986,0.681682450614276,0.9328546712206394,1.0,0.6666666666666665,0.0,0.0,1,3.02
10,0.0,0.4785294501260666,0.3333333333333333,0.0,1.0,0.0,0.9129150008691119,1.015225012043511,0.0,0.0,0.2733203145188422,0.5,0.3333333333333333,0.5,0.16421775389679483,-0.15180050705261605,0.7144898856640278,0.012438191444862466,0.566986445806756,0.5679152448663398,0.8867025934648045,1.0,0.6666666666666665,0.0,0.0,1,2.72
11,1.0,0.5844516864573097,0.3333333333333333,0.0,0.6666666666666666,0.0,0.7565617938466888,0.29620278580055587,0.0,0.0,0.5394200089392721,0.5,0.3333333333333333,1.0,0.3700139850193813,0.5724245647995101,0.6398416886543532,0.2658863567259999,-0.06564942863928414,0.5772438415362444,0.42437649789704324,1.0,0.6666666666666665,0.0,0.0,1,2.39
12,1.0,0.7651363134864488,0.3333333333333333,0.0,0.6666666666666666,0.0,0.7565617938466888,0.6739987647783034,0.0,0.0,0.7521781051482398,0.5,0.3333333333333333,0.5,0.42076835194532336,0.5855798228643669,0.6411609498680737,0.2722169842670951,-0.2833623139375465,0.7118676499768384,0.4527749247595012,1.0,0.6666666666666665,0.0,0.0,1,2.23
13,1.0,0.5486579966900673,0.3333333333333333,0.0,0.3333333333333333,0.0,0.6001998957065878,0.40952895785950844,0.0,0.0,0.6432987801354636,0.5,0.3333333333333333,1.0,0.6747048461727297,0.6798785690093223,0.5670624450307828,0.619834401459366,-0.07735556282800893,0.5066964754137264,0.5980713313353139,1.0,0.6666666666666665,0.0,0.0,0,2.14
14,1.0,0.5594555048342795,0.3333333333333333,0.0,0.3333333333333333,0.0,0.6001998957065878,0.950273733660566,0.0,0.0,0.5057974076046449,0.5,0.3333333333333333,0.5,0.6483028287684474,0.6141663194983473,0.5436455584872468,0.6347342668790625,0.24921655532705955,0.5504788020483473,0.5723950660876937,1.0,0.6666666666666665,0.0,0.0,0,1.96
15,0.0,0.28288601004346825,0.3333333333333333,0.0,0.6666666666666666,0.0,0.6346514861811231,0.7296324552006032,0.0,0.0,0.32587778877173057,0.33333333333333326,0.3333333333333333,0.0,0.2223317899015287,0.2869856596195466,0.41435795954265586,0.10418415660336272,0.968128581306896,0.2435506812511279,0.2224409050531675,0.5,0.6666666666666665,0.0,0.0,0,2.26
16,0.0,0.7562579669272007,0.3333333333333333,0.0,0.6666666666666666,0.0,0.7565617938466888,0.10245006739793658,0.0,0.0,0.449702398885255,0.5,0.3333333333333333,0.0,0.46501558301397217,0.13744346551597264,0.5935576077396658,0.005915701495567116,0.5301764979225219,0.638778945365083,0.4610142483721067,1.0,0.8333333333333333,0.0,0.3333333333333333,1,2.25
17,0.0,0.3477416923627201,0.3333333333333333,0.0,0.6666666666666666,0.0,0.7565617938466888,0.42751226920230895,0.0,0.0,0.37961591249353865,0.5,0.3333333333333333,0.0,0.3372842783089476,0.23000241297051405,0.5860817941952505,0.0,0.41704960654806644,0.4003969327217458,0.39380085131434317,1.0,0.8333333333333333,0.0,0.3333333333333333,1,2.5
18,0.0,0.8420722606606579,0.3333333333333333,0.0,0.6666666666666666,0.0,0.8784721015122544,0.08177409199571167,0.0,0.0,0.531337274521193,0.6666666666666665,0.3333333333333333,0.0,0.5579386372861773,0.13877921727090725,0.8128847845206688,0.0,0.2121930671719623,0.7889985891750504,0.6133103706369245,1.0,1.0,0.0,0.3333333333333333,1,2.5
19,0.0,0.8506442707284543,0.3333333333333333,0.0,0.6666666666666666,0.0,1.0003824091778202,0.012971750032009711,0.0,0.0,0.770523617248842,0.833333333333333,0.3333333333333333,0.0,0.5794632605985535,0.14149079791060504,1.0366094986807393,0.0,0.5350009241495117,0.9261750999031695,0.7328468822684218,0.5,1.1666666666666665,0.0,0.3333333333333333,1,2.9
20,0.0,0.3789092846408142,0.3333333333333333,0.0,0.6666666666666666,0.0,1.0003824091778202,0.7130500979885162,0.0,0.0,0.9571440881558696,0.833333333333333,0.3333333333333333,0.0,0.44689785772598367,-0.07002767205595872,1.0317722075637645,0.0,1.0185620430416122,0.6092549921339279,0.6525174112382435,1.0,1.1666666666666665,0.0,0.3333333333333333,1,3.03
21,0.0,0.5342778366747507,0.3333333333333333,0.0,0.6666666666666666,0.0,1.0003824091778202,0.9394759320277135,0.0,0.0,0.9422801696843984,0.833333333333333,0.3333333333333333,0.0,0.5290831870306323,0.25140845679203094,1.0593667546174141,0.0,0.8110860697216857,0.7333023438450526,0.6799587426829636,1.0,1.1666666666666665,0.0,0.3333333333333333,0,2.95
22,0.0,0.7264527559309548,0.0,0.0,0.6666666666666666,0.0,0.6521727794194333,0.7804452158482994,0.0,0.0,0.49508571460479145,0.33333333333333326,0.0,0.0,0.3920899217916891,0.42009579259985586,0.5204485488126647,0.0,-0.15753639274856823,0.6187837016787539,0.49775780989711094,0.5,1.0,0.0,0.0,1,2.26
23,1.0,0.60076988310853,0.0,0.0,0.6666666666666666,0.0,0.6521727794194333,0.7702099371879176,0.0,0.0,0.017973236356940592,0.33333333333333326,0.0,0.0,0.28951215678730136,0.6859634996252901,0.5275945470536496,0.32969001214249877,0.999143235602892,0.6147733310667691,0.34121725571398476,0.5,1.0,0.0,0.0,1,2.06
24,1.0,0.10454628585039849,0.3333333333333333,0.0,0.0,0.0,0.20002607335303324,0.5866189413536268,0.0,0.0,0.03218624384027036,0.16666666666666652,0.3333333333333333,0.0,0.801461160791864,0.6129449752242149,0.045624450307827136,0.707165385258451,0.3166865844690667,-0.07600169352796371,0.4982924104851263,0.0,0.5,0.0,0.0,0,1.92
25,1.0,0.1859747141430943,0.3333333333333333,0.0,0.0,0.0,0.321936381018599,0.6020385690149016,0.0,0.0,0.3571431732555006,0.33333333333333326,0.3333333333333333,0.0,0.8626313457229146,0.5329979356905943,0.26110378188214556,0.5212791343477,0.79881322688155,0.07543901349025806,0.6261045152392644,0.0,0.6666666666666665,0.0,0.0,0,2.26
26,1.0,0.2771383432646286,0.3333333333333333,0.0,0.0,0.0,0.4438466886841649,0.5963479237742341,0.0,0.0,0.49983340806535337,0.5,0.3333333333333333,0.0,0.9043155801367979,0.40694389077460613,0.4639401934916445,0.512596476291828,0.6128448262666346,0.24987375115915222,0.7439245198523867,0.0,0.8333333333333333,0.0,0.0,0,2.68
27,1.0,0.4034383519389624,0.3333333333333333,0.0,0.0,0.0,0.6876673040152964,0.5945829799454321,0.0,0.0,0.6780513824025817,0.833333333333333,0.3333333333333333,0.0,0.9583405230854343,0.3463989715146618,0.9119393139841692,0.5330414305760576,0.5305107859825808,0.5540209304766299,0.9831418717854841,0.0,1.1666666666666665,0.0,0.0,0,3.24
28,1.0,0.24452832538954006,0.0,0.0,0.0,0.0,0.3394576742569094,0.5900547373727799,0.0,0.0,0.26675346830951063,0.33333333333333326,0.0,0.0,0.8612814608754987,0.6039287861146674,0.3765391380826735,0.8775434947853891,0.39011490815886685,0.24414887630368698,0.7451017801884849,0.0,1.0,0.0,0.0,0,2.29
29,0.0,1.0386603840132707,1.0,1.0,1.0,0.0,1.156353207022423,0.24777620542096454,1.0,1.0,0.2440654805301502,0.6666666666666665,1.0,0.0,-0.22373536716771292,0.16566969206308113,0.931948109058927,0.0,0.6370663385528177,1.0859466235415272,0.9410607063172347,1.0,0.0,1.0,0.0,1,2.05
30,1.0,0.7434414297824099,1.0,1.0,0.0,0.0,0.5653745871719104,0.5895417060160535,1.0,1.0,0.2804619538829288,0.5,1.0,0.0,0.6625360455216301,0.5161111615175682,0.48801671064204033,0.6161818477777058,0.9447673307003006,0.5173724635877721,0.5751615904090235,0.0,0.0,1.0,0.0,1,1.54
31,1.0,0.6910306962740944,0.3333333333333333,0.0,0.0,0.0,0.5131931166347993,0.5574098203531426,0.0,0.0,-0.3081931417284547,0.6666666666666665,0.0,0.0,0.6609821276814608,0.8241180979441798,0.451517150395778,0.959496368967198,0.6945747892679712,0.5254189605532544,0.7121026708897169,0.0,1.0,0.0,0.0,0,2.49
32,0.0,0.4543725619217125,0.3333333333333333,0.0,1.0,0.0,0.9129150008691119,0.20701092091051576,0.0,0.0,0.4926245140934119,0.5,0.3333333333333333,0.5,0.16559684525478513,-0.08624128391412667,0.6927220756376431,0.012592066203832825,0.7074611486520297,0.5049710957459954,0.8894356404288741,1.0,0.6666666666666665,0.0,0.6666666666666666,1,2.88
33,1.0,0.44396022779134814,0.3333333333333333,0.0,0.6666666666666666,0.0,0.7565617938466888,0.6819466967434493,0.0,0.0,0.7586006897311203,0.5,0.3333333333333333,1.0,0.2834682994023243,0.21166364836410168,0.6163148636763416,0.29091305185658234,0.7416199183051457,0.4890571799493979,0.3757611164174841,1.0,0.6666666666666665,0.0,0.6666666666666666,1,2.22
34,1.0,0.5654862593217924,0.3333333333333333,0.0,0.3333333333333333,0.0,0.6001998957065878,0.794923008184038,0.0,0.0,0.8299541076260416,0.5,0.3333333333333333,1.0,0.6737108322477446,0.5800382816364649,0.54320580474934,0.4420565492413526,0.27927544288416506,0.5159517392830453,0.6233766584121061,1.0,0.6666666666666665,0.0,0.6666666666666666,0,2.11
35,0.0,0.3632293104663584,0.3333333333333333,0.0,1.0,0.0,0.791004693203546,0.8382511778178419,0.0,0.0,0.5235877515438864,0.33333333333333326,0.3333333333333333,1.0,0.029547126128249834,-0.08526822208380147,0.4894459102902369,0.016188528903910523,0.9226842304678389,0.38488934545791853,0.7674711009190127,1.0,0.5,0.0,0.6666666666666666,0,2.98
36,0.0,0.8730129203767034,0.3333333333333333,0.0,1.0,0.0,0.791004693203546,1.046206057083664,0.0,0.0,0.7621230457127822,0.33333333333333326,0.3333333333333333,0.5,0.191801811914742,0.28248884700864574,0.48306948109058867,0.004047132225977629,-0.006997565568136466,0.7049580116397256,0.8578269962356151,1.0,0.5,0.0,0.6666666666666666,0,2.12
37,1.0,0.36937195235413833,0.3333333333333333,0.0,0.6666666666666666,0.0,0.6346514861811231,0.42358957553398174,0.0,0.0,0.382729864331124,0.33333333333333326,0.3333333333333333,1.0,0.17196680758099814,0.3655210946711218,0.4168865435356195,0.27978878017869513,0.9945362723231206,0.3549714061059843,0.2165112897842434,1.0,0.5,0.0,0.6666666666666666,0,2.28
38,1.0,0.6281577824396467,0.3333333333333333,0.0,0.6666666666666666,0.0,0.6346514861811231,0.7231518226441974,0.0,0.0,0.6595340277943417,0.33333333333333326,0.3333333333333333,0.5,0.3654433944716946,0.47739581553646016,0.41391820580474903,0.2213713425589676,0.10860931072442526,0.4151083895949035,0.2776456471866928,1.0,0.5,0.0,0.6666666666666666,1,2.35
39,1.0,0.3216962457991239,0.3333333333333333,0.0,0.3333333333333333,0.0,0.4782895880410222,0.5125092700075247,0.0,0.0,0.22793927938144565,0.33333333333333326,0.3333333333333333,1.0,0.5374735347991818,0.4833103177670517,0.3448768689533859,0.8764583552482565,1.0441604367953978,0.2616270674629546,0.3962352548330248,1.0,0.5,0.0,0.6666666666666666,0,1.12
40,1.0,0.4936038500124562,0.6666666666666667,0.0,0.0,0.0,0.42632539544585435,0.5851866152312722,0.0,0.0,0.5917777309554199,0.5,0.6666666666666666,0.0,0.8902384487650247,0.537737574093025,0.39204045734388693,0.6573047218090359,0.40958504113280814,0.41754479481649476,0.7892097008649683,0.0,0.2222222222222221,0.0,0.3333333333333333,0,2.35
41,0.0,0.9845727656173486,0.6666666666666667,0.0,0.6666666666666666,0.0,0.7390405006083783,0.163479859285239,0.0,0.0,0.4648016801349466,0.5,0.6666666666666666,0.0,0.3361866805593605,0.36650591388845344,0.5356200527704482,0.25256861339615766,0.4194986636233926,0.8500409978665808,0.4345491962181991,1.0,0.2222222222222221,0.0,0.3333333333333333,0,2.42
42,0.0,0.29517829442382837,0.6666666666666667,0.0,0.6666666666666666,0.0,0.7390405006083783,0.7554189013810022,0.0,0.0,0.6725383699167539,0.5,0.6666666666666666,0.0,0.18890224690615964,0.046085275829076844,0.5317722075637641,0.31779478352455975,0.9057730153218255,0.35966955648649535,0.27433358147473363,1.0,0.2222222222222221,0.0,0.6666666666666666,1,2.66
43,0.0,0.5120850032131941,0.6666666666666667,1.0,0.6666666666666666,0.5,0.608960542325743,0.35413876724520205,0.0,0.0,0.322631577554379,0.6666666666666665,0.6666666666666666,0.5,0.2820723073778004,0.28527480939947303,0.7243843447669303,0.26701682019355544,0.9931859295695036,0.6412469424153779,0.42810551310041256,1.0,0.33333333333333326,0.0,1.0,1,2.47
44,0.0,0.4698589634474084,0.3333333333333333,0.0,0.6666666666666666,0.5,0.6264818355640535,0.7491169458159731,0.0,0.0,0.7628362397029559,0.6666666666666665,0.3333333333333333,0.0,0.38741309076915864,0.20760650106397183,0.837620932277924,0.7979400097782752,0.8240439000083599,0.6191034308002705,0.5308771181506273,1.0,1.0,0.0,0.0,0,2.31
45,1.0,0.4528149071230412,0.3333333333333333,0.0,0.0,0.5,0.3137667304015297,0.5173286756146861,0.0,0.0,0.7714327098673103,0.6666666666666665,0.3333333333333333,0.0,0.906720333994256,0.40141825046881063,0.6921723834652593,0.674730517629978,0.5332740369833502,0.5167023390281145,0.8641243738451281,0.0,1.0,0.0,0.0,0,2.72
46,1.0,0.33282370877905754,0.6666666666666667,1.0,0.0,0.5,0.29624543716321916,0.5097379529492483,0.0,0.0,0.29056779065552585,0.6666666666666665,0.6666666666666666,0.5,0.844730360545595,0.4078252625650829,0.5925681618293752,0.7613480414650968,0.6797793317398639,0.3875461977937773,0.8090500220989232,0.0,0.33333333333333326,0.0,1.0,0,2.3
47,1.0,0.43059383133679763,0.6666666666666667,1.0,0.0,0.5,0.29624543716321916,0.5186295051222183,0.0,0.0,0.36180025690047957,0.6666666666666665,0.6666666666666666,1.0,0.8652819357355072,0.41763911352302596,0.5981750219876867,0.7613480414650968,0.5204686908364522,0.46737075160701247,0.825226523323169,0.0,0.33333333333333326,0.0,1.0,0,2.19
48,0.0,0.7201522854272837,1.0,1.0,1.0,1.0,0.7653137493481662,1.2345098118020659,1.0,0.0,0.32198747858111143,0.6666666666666665,1.0,0.0,0.42698153178943676,0.00594835142250405,0.8080474934036941,0.0,0.2518369083561156,0.6181174315798574,0.9031717881363037,1.5,0.0,1.0,0.0,1,1.93
49,0.0,0.6579940281831953,0.3333333333333333,0.0,1.0,1.0,0.660924734920911,1.0556802879729383,0.5,0.0,0.5724742043799415,0.5,0.3333333333333333,0.0,0.3372934822994227,0.028693385918861614,0.6906332453825854,0.007994322766847651,0.11775592434230209,0.5406443785108723,0.8221364749723157,1.0,0.8333333333333333,0.0,0.3333333333333333,1,2.12
50,1.0,-0.18404885385177883,1.0,1.0,0.0,1.0,0.1743351294976534,0.6465003431802945,1.0,0.0,0.21869061165212877,0.5,1.0,0.0,0.863575794981349,0.45079468856515614,0.3645558487247138,0.7105025780781945,0.11083859127777451,-0.15425934693404297,0.5873310601442898,0.0,0.0,1.0,0.0,1,1.47
51,1.0,-0.051119653185531355,0.3333333333333333,0.0,0.0,1.0,0.06994611507039805,0.6185957356826374,0.5,0.0,0.06726533456400918,0.33333333333333326,0.3333333333333333,0.0,0.8905687401349439,0.5848983250634237,0.24142480211081763,0.7291494389520075,0.11261305145749212,-0.11075833361116394,0.5428554985251659,0.0,0.8333333333333333,0.0,0.0,1,1.19
52,1.0,-0.19861647992930376,1.0,1.0,0.0,1.0,0.29624543716321916,0.6469381640538424,1.0,0.0,0.5941623292034145,0.6666666666666665,1.0,0.0,0.9208175369974306,0.31414664615042875,0.5923482849604227,0.587581029779304,0.17743532348219926,-0.09328070662016108,0.6979338818821965,0.0,0.0,1.0,0.0,1,1.75
53,0.0,0.7476555855958984,0.6666666666666667,1.0,1.0,1.0,0.8872240570137319,1.164790243388811,0.5,0.0,0.710725685457665,0.833333333333333,0.6666666666666666,0.0,0.4881577381301829,-0.051038515269895335,1.0076956904133683,0.00818403543563738,0.18209254923601748,0.7262491630311043,0.9988884609153326,1.5,0.4444444444444442,1.0,0.6666666666666666,0,2.2
54,0.0,0.8597306431419605,1.0,1.0,1.0,1.0,1.0091343646792978,1.2133133365619342,1.0,0.0,0.7529192606889336,1.0,1.0,0.0,0.5538743989720513,0.001261331710976421,1.21943711521548,0.0,0.38168088576134096,0.907807741598909,1.1014519404262821,1.5,0.16666666666666652,1.0,0.0,0,2.51
55,0.0,0.7657819831803816,0.3333333333333333,0.0,1.0,1.0,0.7828350425864766,0.8871337413451225,0.5,0.0,0.37903931902864607,0.6666666666666665,0.3333333333333333,0.0,0.4013939585329207,0.011052080074045234,0.9090809146877752,0.0,0.32837038068929836,0.7397294334355387,0.995940407696271,1.0,1.0,0.0,0.3333333333333333,1,2.54
56,1.0,-0.07765653003479356,0.6666666666666667,1.0,0.0,1.0,0.29624543716321916,0.6296460030933348,0.5,0.0,0.5538201463817346,0.6666666666666665,0.6666666666666666,0.0,0.911503326280402,0.385428405641874,0.5589270008795073,0.6450690239463515,0.40656861214390094,0.006237829118246996,0.7124757072966617,0.0,0.4444444444444442,1.0,0.6666666666666666,0,1.65
57,1.0,-0.1109360749822379,1.0,1.0,0.0,1.0,0.5400660524943509,0.5823346317258056,1.0,0.0,1.0448897823626342,1.0,1.0,0.0,0.9825937011761888,0.17616757386780102,1.0061565523306943,0.3644071605411804,0.5749716724555256,0.10006250711116094,0.8778300521666469,0.0,0.16666666666666652,1.0,0.0,0,2.66
58,1.0,0.04459716689586957,1.0,1.0,0.0,1.0,0.41815574482878504,0.6157545085868831,1.0,0.0,0.6773863170889244,0.833333333333333,1.0,0.0,0.970335374348407,0.3221878227774351,0.7753957783641159,0.4827209713096483,0.5036634507137059,0.16630987910160044,0.8365466570527493,0.0,0.16666666666666652,1.0,0.0,0,2.01
59,1.0,-0.14427046265398014,0.3333333333333333,0.0,0.0,1.0,0.19185642273596393,0.5811959480144926,0.5,0.0,0.485740217240735,0.5,0.3333333333333333,0.0,0.9033287368097801,0.3796157580267492,0.4656992084432714,0.4662667114016722,-0.07051359475276664,-0.10972616920615685,0.6441027350357924,0.0,1.0,0.0,0.0,0,1.39
60,0.0,0.8075080677598625,0.6666666666666667,1.0,1.0,1.0,1.0091343646792978,1.1276114380254003,0.5,0.0,1.2362785423703238,1.0,0.6666666666666666,0.0,0.5289798965227976,-0.135484127526591,1.2271328056288477,0.00847764697971119,0.42792678455473254,0.8833265044996845,1.1048247275927499,1.0,0.5555555555555556,1.0,0.6666666666666666,1,2.67
61,1.0,0.08516259489536893,0.6666666666666667,1.0,0.0,1.0,0.41815574482878504,0.6266888892151584,0.5,0.0,0.8175414909635478,0.833333333333333,0.6666666666666666,0.0,0.9772105727992041,0.3728892552810996,0.7812225153913812,0.6119393155960935,0.4126579241460524,0.20286355129348665,0.8327920133939415,0.0,0.5555555555555556,1.0,0.6666666666666666,0,1.88
62,1.0,0.041831651445953355,0.6666666666666667,1.0,0.0,1.0,0.5400660524943509,0.6157845376017244,0.5,0.0,0.8199869656942459,1.0,0.6666666666666666,0.0,1.0034919761810408,0.27708926720687366,1.0116534740545298,0.5418308663482184,0.5167434234648676,0.25032532584883116,0.9771110915608805,0.0,0.5555555555555556,1.0,0.6666666666666666,1,2.41
63,0.0,0.21032561634604185,0.6666666666666667,1.0,0.6666666666666666,1.0,0.8527811576568748,0.9614014895829616,0.5,0.0,0.6029147290892735,1.0,0.6666666666666666,0.0,0.5125341785367912,0.20932560255330435,1.1366534740545298,0.9033541700541933,-0.21695447291900338,0.47035225784691814,0.5884432751607362,2.0,0.6666666666666665,1.0,0.6666666666666666,1,1.59
64,0.0,0.3743527681384462,0.6666666666666667,1.0,1.3333333333333333,1.0,1.1654962628193988,0.5292136564562385,0.5,0.0,0.5585434534440471,1.0,0.6666666666666666,0.0,-0.12586358171466427,-0.008424817625830805,1.2747361477572565,0.0,-0.29926362907393456,0.6264240203465348,0.3547838509556944,3.0,0.6666666666666665,1.0,0.6666666666666666,0,1.84
65,0.0,0.4056595578237965,0.6666666666666667,1.0,0.6666666666666666,1.0,0.8527811576568748,0.6567948156706481,0.5,0.0,0.6329091705571362,1.0,0.6666666666666666,0.0,0.5303602615068415,0.13153207001917666,1.1352242744063323,0.0,-0.31361731237487245,0.5703511215693426,0.6509717605894609,1.0,0.6666666666666665,1.0,0.6666666666666666,1,2.18
66,0.0,0.6917673240812765,0.6666666666666667,1.0,0.6666666666666666,1.0,0.869920041717365,0.5090176770532346,1.0,1.0,0.7914086610007222,0.833333333333333,0.6666666666666666,0.0,0.020928347425454685,0.47525765438979084,1.0280343007915569,0.0,0.3068250910143231,0.7324275068396244,0.4454143124582326,1.0,0.6666666666666665,1.0,0.6666666666666666,1,1.19
67,1.0,0.29116857757095493,0.6666666666666667,1.0,0.0,1.0,0.5572049365548409,0.8406915960833753,1.0,1.0,0.6069057870433608,0.833333333333333,0.6666666666666666,0.0,0.6380772587355957,0.8048646610578323,0.8936895338610382,0.8854233480571229,0.40375110090889965,0.3971265307144227,0.7724275587727187,0.0,0.6666666666666665,1.0,0.6666666666666666,0,0.84
68,0.0,0.22204435955674962,0.6666666666666667,1.0,0.6666666666666666,1.0,0.7308708499913089,0.6923440581236122,0.5,0.0,0.5183179958707728,0.833333333333333,0.6666666666666666,0.0,0.3949121147792958,0.18337569761219252,0.9139182058047499,0.0,0.6466785631981624,0.374712893656008,0.5126038795486583,1.0,0.5555555555555556,1.0,0.6666666666666666,1,2.09
69,1.0,0.06676762128013758,0.6666666666666667,1.0,0.0,1.0,0.41815574482878504,0.5906053964538559,0.5,0.0,0.5609954618041094,0.833333333333333,0.6666666666666666,0.0,0.9544980822952901,0.4039406858948906,0.7783641160949872,0.6656388215660091,0.4012528235344419,0.19307234404775153,0.8254819086335079,0.0,0.5555555555555556,1.0,0.6666666666666666,1,2.31
70,1.0,-0.11024007689285753,0.3333333333333333,0.0,0.0,1.0,-0.05196419259516777,0.6343440167253648,0.5,0.0,-0.042597020008190656,0.16666666666666652,0.3333333333333333,0.0,0.8314529171647155,0.6914995408523592,0.03386103781882133,0.7642907224506864,-0.04636680785334146,-0.24195258664836228,0.39899728293410197,0.0,0.6666666666666665,0.0,0.0,1,1.13
71,1.0,0.3042403735346264,0.3333333333333333,0.0,0.3333333333333333,1.0,0.10438901442725534,0.5969656770454617,0.5,0.0,0.11535455643505599,0.16666666666666652,0.3333333333333333,0.0,0.4650068213553835,0.8252822435139877,0.10916886543535576,0.8602764378709585,0.2265244431800575,0.04867718066940707,0.20289643511182365,0.5,0.6666666666666665,0.0,0.0,1,0.94
72,1.0,-0.051119653185531355,0.3333333333333333,0.0,0.0,1.0,0.06994611507039805,0.6185957356826374,0.5,0.0,0.06726533456400918,0.33333333333333326,0.3333333333333333,0.0,0.8905687401349439,0.5848983250634237,0.24142480211081763,0.7291494389520075,0.11261305145749212,-0.11075833361116394,0.5428554985251659,0.0,0.8333333333333333,0.0,0.0,0,1.19
73,1.0,0.192578036080294,0.3333333333333333,0.0,0.3333333333333333,1.0,0.2262993220928211,0.6855490789447385,0.5,0.0,0.14000445985577337,0.33333333333333326,0.3333333333333333,0.0,0.6008907532539504,0.6752547693585456,0.3155233069481085,0.843055394432276,0.11199476565091526,0.06857040088663346,0.35271154304134256,1.0,0.8333333333333333,0.0,0.3333333333333333,1,0.91
74,0.0,0.2633081456529234,0.3333333333333333,0.0,0.6666666666666666,1.0,0.38266122023292193,0.8493099752805755,0.5,0.0,0.15828781386571023,0.33333333333333326,0.3333333333333333,0.0,0.25205873639334664,0.3525284361204317,0.3868733509234823,0.005503629109281803,0.4271155725313509,0.16050625505777782,0.16868619395105533,1.0,0.8333333333333333,0.0,0.0,0,1.35
75,1.0,0.46155896746737124,0.3333333333333333,0.0,0.6666666666666666,1.0,0.38266122023292193,0.6037338854183436,0.5,0.0,0.16690956587779215,0.33333333333333326,0.3333333333333333,0.5,0.17770016467456817,0.6561054764579688,0.38753298153034255,0.9977905684075824,0.4327021936755724,0.2822474330996112,0.15247911842909279,2.0,0.8333333333333333,0.0,0.6666666666666666,0,1.01
76,1.0,0.32510291323525875,0.3333333333333333,0.0,0.6666666666666666,1.0,0.38266122023292193,0.5332563600957643,0.5,0.0,0.13211817728584174,0.33333333333333326,0.3333333333333333,1.0,0.1101158496193555,0.5683251140184846,0.3898416886543532,1.0834903718290925,0.35977014444438016,0.20870674509962361,0.11455604845786427,2.0,0.8333333333333333,0.0,0.6666666666666666,0,1.08
77,1.0,0.11226342129666955,0.3333333333333333,0.0,0.3333333333333333,1.0,0.348209629758387,0.7677536993611437,0.5,0.0,0.4144056731073229,0.5,0.3333333333333333,0.0,0.6078807837058133,0.4542391629603837,0.5384784520668422,0.8740471625584456,0.25525535659699194,0.12758340266825918,0.4493690379182742,1.0,1.0,0.0,0.3333333333333333,0,1.26
78,0.0,0.33982838014120276,0.3333333333333333,0.0,0.6666666666666666,1.0,0.5045715278984878,1.0125737749876325,0.5,0.0,0.3758747885127406,0.5,0.3333333333333333,0.0,0.3861113674089971,0.27880267003831394,0.6091688654353562,0.0,0.38817290948648253,0.316420612683991,0.3347857123908793,1.0,1.0,0.0,0.0,0,1.65
79,1.0,0.23463252239514487,0.3333333333333333,0.0,0.6666666666666666,1.0,0.5045715278984878,0.6072303071727895,0.5,0.0,0.4124735542144462,0.5,0.3333333333333333,0.5,0.17574132940297216,0.4923984191912769,0.6072999120492524,0.9164960088929793,0.3475083921469597,0.2566870979742326,0.2935009684109062,2.0,1.0,0.0,0.6666666666666666,0,0.58
80,1.0,0.330704252619638,0.3333333333333333,0.0,0.6666666666666666,1.0,0.5045715278984878,0.3162597104442645,0.5,0.0,0.35697526454440387,0.5,0.3333333333333333,1.0,0.2561954308553116,0.5258776061353734,0.6090589270008793,0.7012117115020108,0.43601739065597656,0.2902588178697898,0.3384328963856542,2.0,1.0,0.0,0.6666666666666666,1,1.35
81,1.0,0.32357501949502554,0.3333333333333333,0.0,0.6666666666666666,1.0,0.5045715278984878,0.8235325656925899,0.5,0.0,0.3666253847069746,0.5,0.3333333333333333,0.5,0.2774472184980652,0.5049212421474722,0.6100483729111694,1.045447485406428,0.3896653428280805,0.3091721715669986,0.2920906539917225,2.0,1.0,0.0,0.6666666666666666,1,1.15
82,1.0,0.33309818210967057,0.3333333333333333,0.0,0.6666666666666666,1.0,0.5045715278984878,0.5777573173308056,0.5,0.0,0.2747238516445407,0.5,0.3333333333333333,1.0,0.2791618419087394,0.493641065153148,0.6115875109938429,1.0700462497689323,0.3568028463470192,0.31724439981217145,0.2709218495471786,2.0,1.0,0.0,0.6666666666666666,1,1.26
83,0.0,0.9921714381995463,0.3333333333333333,0.0,1.0,0.5,0.660924734920911,0.8280344913150158,0.0,0.0,0.6785272207643424,0.5,0.3333333333333333,0.0,0.3364348337483143,-0.06506282981441025,0.714050131926121,0.004096306863675275,0.825350780656545,0.8168567721256714,0.8969399429369704,0.5,0.6666666666666665,0.0,0.0,0,2.51
84,1.0,0.41277535711203983,0.3333333333333333,0.0,0.3333333333333333,0.5,0.348209629758387,0.2974317401773385,0.0,0.0,0.8758713508693498,0.5,0.3333333333333333,0.0,0.5853039399525015,0.3777213814727518,0.5682717678100264,0.5517168409824879,0.14330968169228964,0.3548185903705656,0.5728127649491461,0.5,0.6666666666666665,0.0,0.0,0,2.03
85,0.0,0.5892057914755249,0.3333333333333333,0.0,1.0,0.5,0.660924734920911,0.9615482485456941,0.0,0.0,0.2736915735021881,0.5,0.3333333333333333,1.0,0.14042831847996173,0.09628826588765493,0.7109718557607736,0.029521836566995648,0.6201127450491528,0.6594671979203355,0.8920723333929339,1.0,0.6666666666666665,0.0,0.0,1,2.82
86,0.0,0.6346751364757521,0.3333333333333333,0.0,1.0,0.5,0.660924734920911,0.2695961140975276,0.0,0.0,0.20856591351955567,0.5,0.3333333333333333,0.5,0.11846450484116722,0.09567754217862179,0.701517150395778,0.008434810447713041,0.623503389021919,0.7304089517157117,0.9159850626570782,1.0,0.6666666666666665,0.0,0.0,1,2.62
87,1.0,0.5954374025477831,0.3333333333333333,0.0,0.6666666666666666,0.5,0.5045715278984878,0.6788760164252675,0.0,0.0,0.26662697781982114,0.5,0.3333333333333333,1.0,0.2933672700765677,0.4669253131117408,0.6413808267370271,1.037047742362402,0.05777610321691462,0.6216665315892667,0.3808809624189431,1.0,0.6666666666666665,0.0,0.0,1,1.97
88,1.0,0.6860654448712533,0.3333333333333333,0.0,0.6666666666666666,0.5,0.5045715278984878,0.3794302087327868,0.0,0.0,0.2470208702561748,0.5,0.3333333333333333,0.5,0.35001897170238316,0.486208975661361,0.6285180299032538,1.1082480351216117,-0.3215364299939889,0.6557051361592601,0.3977674168210501,1.0,0.6666666666666665,0.0,0.0,1,1.98
89,1.0,0.5613257012452766,0.3333333333333333,0.0,0.3333333333333333,0.5,0.348209629758387,0.4817326987336883,0.0,0.0,0.1981196592671206,0.5,0.3333333333333333,1.0,0.5916400592485624,0.553801388892694,0.5737686895338614,1.0271420333413341,-0.02772810441281326,0.5708355954339295,0.5613853214295408,1.0,0.6666666666666665,0.0,0.0,0,1.78
90,1.0,0.5063381079815663,0.3333333333333333,0.0,0.3333333333333333,0.5,0.348209629758387,0.7227291357062824,0.0,0.0,0.20286775208520003,0.5,0.3333333333333333,0.5,0.5714130593288683,0.5502973670556446,0.5467238346525942,0.9722146518792306,0.4903668808941548,0.535233518645009,0.5333609800920858,1.0,0.6666666666666665,0.0,0.0,1,1.77
91,0.0,0.7657819831803816,0.3333333333333333,0.0,1.0,1.0,0.7828350425864766,0.8871337413451225,0.5,0.0,0.37903931902864607,0.6666666666666665,0.3333333333333333,0.0,0.4013939585329207,0.011052080074045234,0.9090809146877752,0.0,0.32837038068929836,0.7397294334355387,0.995940407696271,1.0,1.0,0.0,0.3333333333333333,1,2.54
92,1.0,0.7084525339145071,0.3333333333333333,0.0,0.6666666666666666,1.0,0.6264818355640535,0.7365442286882106,0.5,0.0,0.40025176357270986,0.6666666666666665,0.3333333333333333,0.0,0.5386610794746791,0.40764548500424125,0.837401055408971,0.17023799120093006,0.4079939388988807,0.6572351156166376,0.5137489169729474,1.0,1.0,0.0,0.3333333333333333,0,2.04
93,1.0,0.22023500815972952,0.3333333333333333,0.0,0.3333333333333333,1.0,0.47011993742395275,0.32012073643339467,0.5,0.0,0.9161316828406171,0.6666666666666665,0.3333333333333333,0.0,0.6614759786629161,0.3278739122649008,0.7655013192612135,0.45203514851264237,-0.07733402609885509,0.291203656467649,0.58782744286016,1.0,1.0,0.0,0.3333333333333333,0,2.0
94,1.0,-0.14427046265398014,0.3333333333333333,0.0,0.0,1.0,0.19185642273596393,0.5811959480144926,0.5,0.0,0.485740217240735,0.5,0.3333333333333333,0.0,0.9033287368097801,0.3796157580267492,0.4656992084432714,0.4662667114016722,-0.07051359475276664,-0.10972616920615685,0.6441027350357924,0.0,1.0,0.0,0.0,0,1.39
95,0.0,0.6579940281831953,0.3333333333333333,0.0,1.0,1.0,0.660924734920911,1.0556802879729383,0.5,0.0,0.5724742043799415,0.5,0.3333333333333333,0.0,0.3372934822994227,0.028693385918861614,0.6906332453825854,0.007994322766847651,0.11775592434230209,0.5406443785108723,0.8221364749723157,1.0,0.8333333333333333,0.0,0.3333333333333333,0,2.12
96,1.0,0.4885579960548223,0.3333333333333333,0.0,0.6666666666666666,1.0,0.5045715278984878,0.8206154123100163,0.5,0.0,0.4925426598671617,0.5,0.3333333333333333,0.0,0.4278472995381837,0.3375928664452359,0.6231310466138957,0.13701619436963677,-0.044469539461938545,0.39593677134297556,0.3288235744621286,1.0,0.8333333333333333,0.0,0.3333333333333333,0,1.88
97,1.0,0.22351322136572094,0.3333333333333333,0.0,0.3333333333333333,1.0,0.348209629758387,0.5450150063605002,0.5,0.0,0.35236563982591385,0.5,0.3333333333333333,0.0,0.6460436938945063,0.5223415584104316,0.5462840809146883,0.7427198899718489,0.05812227866344877,0.18272458367237343,0.50306574777913,1.0,0.8333333333333333,0.0,0.3333333333333333,0,1.75
98,1.0,-0.051119653185531355,0.3333333333333333,0.0,0.0,1.0,0.06994611507039805,0.6185957356826374,0.5,0.0,0.06726533456400918,0.33333333333333326,0.3333333333333333,0.0,0.8905687401349439,0.5848983250634237,0.24142480211081763,0.7291494389520075,0.11261305145749212,-0.11075833361116394,0.5428554985251659,0.0,0.8333333333333333,0.0,0.0,0,1.19
99,0.0,0.5573919996779266,0.3333333333333333,0.0,1.0,1.0,0.5390144272553451,1.06410781769868,0.5,0.0,0.4644543891155465,0.33333333333333326,0.3333333333333333,0.0,0.22282579047075557,0.09443249350907568,0.4870272647317502,0.011578177875218039,0.2994033712206745,0.3879071481184435,0.6544430239718984,1.0,0.6666666666666665,0.0,0.3333333333333333,1,1.75
100,1.0,0.3977969264146828,0.3333333333333333,0.0,0.6666666666666666,1.0,0.38266122023292193,0.6239148899287522,0.5,0.0,0.4264093953480347,0.33333333333333326,0.3333333333333333,0.0,0.2994176077166346,0.3809983360946645,0.4116094986807384,0.18649531720436657,0.2838559307013604,0.2668522227490877,0.17853861151622952,1.0,0.6666666666666665,0.0,0.3333333333333333,0,1.51
101,1.0,0.15279665839417822,0.3333333333333333,0.0,0.3333333333333333,1.0,0.2262993220928211,0.7974212628548625,0.5,0.0,0.3971200763554097,0.33333333333333326,0.3333333333333333,0.0,0.5499099612021932,0.6427140468077575,0.3409190853122248,0.8501662792719658,0.14706445436713977,0.057237402985325314,0.32580825928683077,1.0,0.6666666666666665,0.0,0.3333333333333333,0,1.4
102,1.0,-0.11024007689285753,0.3333333333333333,0.0,0.0,1.0,-0.05196419259516777,0.6343440167253648,0.5,0.0,-0.042597020008190656,0.16666666666666652,0.3333333333333333,0.0,0.8314529171647155,0.6914995408523592,0.03386103781882133,0.7642907224506864,-0.04636680785334146,-0.24195258664836228,0.39899728293410197,0.0,0.6666666666666665,0.0,0.0,0,1.13
103,1.0,0.6256596461768327,0.0,0.0,0.6666666666666666,0.5,0.15636189814010082,0.6557688778893763,0.0,0.0,-0.1331951740894669,0.0,0.0,0.0,0.10293264363864596,0.67655344756872,0.07827616534740534,0.216260298051235,0.3513077557529716,0.2778158795238901,-0.04105243926692981,0.5,1.0,0.0,0.0,1,1.37
104,0.0,0.2895714562550129,0.3333333333333333,0.0,1.0,1.0,0.7828350425864766,1.0023220933954757,0.5,0.0,0.605849679513253,0.6666666666666665,0.3333333333333333,0.0,0.2145670694901194,-0.007420373172491557,0.905672823218997,0.02127959725688962,0.419235505059417,0.442922412972087,0.9252342298446816,1.0,1.0,0.0,0.3333333333333333,1,2.21
105,1.0,0.387453392425932,0.3333333333333333,0.0,0.6666666666666666,1.0,0.6264818355640535,0.6422333987127755,0.5,0.0,0.38834279418147866,0.6666666666666665,0.3333333333333333,0.0,0.3956255677704945,0.5046548744484145,0.8422383465259458,1.0115612159583816,0.46800527944953796,0.4862508988057157,0.4353325876601839,1.0,1.0,0.0,0.3333333333333333,1,1.73
106,1.0,0.0626894468701873,0.3333333333333333,0.0,0.3333333333333333,1.0,0.47011993742395275,0.5743489548056725,0.5,0.0,0.4815096078129246,0.6666666666666665,0.3333333333333333,0.0,0.5832587433973673,0.503439443517864,0.7658311345646442,0.8029451721590507,-0.39955162933533117,0.2347523691735378,0.6089247574026899,1.0,1.0,0.0,0.3333333333333333,0,1.52
107,0.0,0.33639404761817726,0.3333333333333333,0.0,1.0,1.0,0.660924734920911,0.9103248554995835,0.5,0.0,0.6285822372039912,0.5,0.3333333333333333,0.0,0.1926800869879679,0.02942932887605143,0.6864555848724709,0.0,0.2260128220770099,0.35989363392671025,0.8069048019782175,1.0,0.8333333333333333,0.0,0.3333333333333333,1,1.7
108,1.0,0.3846095913063725,0.3333333333333333,0.0,0.6666666666666666,1.0,0.5045715278984878,0.4334111301979173,0.5,0.0,0.403477490384313,0.5,0.3333333333333333,0.0,0.35586124779870687,0.5982920362330928,0.6190633245382582,1.0878988570336963,0.07778251110095002,0.3691447649124915,0.3441909059149433,1.0,0.8333333333333333,0.0,0.3333333333333333,0,1.4
109,0.0,0.37991823399471025,0.3333333333333333,0.0,1.0,1.0,0.5390144272553451,0.6230783837027392,0.5,0.0,0.35869822818845853,0.33333333333333326,0.3333333333333333,0.0,0.010997255672207773,0.15588871372673663,0.4852682497801233,0.012074561229939228,0.1718859637374246,0.3515904663178864,0.7205621294458826,1.0,0.6666666666666665,0.0,0.0,1,1.66
110,1.0,0.3933118355327845,0.3333333333333333,0.0,0.6666666666666666,1.0,0.38266122023292193,0.5322507162832694,0.5,0.0,0.16212069765327497,0.33333333333333326,0.3333333333333333,0.0,0.19064819703986347,0.6388861801771393,0.40941072999120465,1.1192685604352215,0.19612852922726454,0.3111385910312574,0.18469543578191017,1.0,0.6666666666666665,0.0,0.0,0,1.4
111,1.0,0.13216497803760907,0.3333333333333333,0.0,0.3333333333333333,1.0,0.2262993220928211,0.1275711617204567,0.5,0.0,0.1553871097604821,0.33333333333333326,0.3333333333333333,0.0,0.4474016444102542,0.7651283952180297,0.33674142480211033,0.9798831854623684,0.33804530084009166,0.1077758605365231,0.3605387131308071,1.0,0.6666666666666665,0.0,0.0,1,0.93
112,1.0,0.4776221906079803,0.0,0.0,0.6666666666666666,0.5,0.2782722058056667,0.6556908505750114,0.0,0.0,0.2933784997595118,0.16666666666666652,0.0,0.0,0.1296265586325578,0.686223184439128,0.30013192612137196,0.9224650353911763,0.946960950856413,0.3422250316687303,0.147639986445395,0.5,1.0,0.0,0.0,0,1.49
113,1.0,0.4751105821485533,0.0,0.0,0.3333333333333333,0.5,0.12191030766556576,0.4419844051198131,0.0,0.0,0.6815429503114881,0.16666666666666652,0.0,0.0,0.5790716393357884,0.8033128896553152,0.2284520668425678,0.5097218259664344,-0.05480618754344313,0.23131860246602187,0.3523995053558231,0.5,1.0,0.0,0.0,0,1.28
114,1.0,0.09170377246207151,0.0,0.0,0.0,0.5,-0.1563532070224231,0.5102491846692279,0.0,0.0,0.20717307978451183,0.0,0.0,0.0,0.8053688937505066,0.7541655120517339,-0.07398856640281481,0.516787992380226,-0.29083736195335463,-0.2023907079789109,0.3758802662541738,0.0,1.0,0.0,0.0,1,1.31
115,0.0,0.32667248994762454,0.3333333333333333,0.0,1.0,1.0,0.7828350425864766,0.7625413843931794,0.5,0.0,0.4599115654710849,0.6666666666666665,0.3333333333333333,0.0,0.2502784471877806,0.06368898147451252,0.9003957783641163,0.004201643825512851,-0.16629975633523442,0.48874344169247763,0.9426413180759603,1.0,1.0,0.0,0.0,1,2.2
116,1.0,0.1822416740463635,0.3333333333333333,0.0,0.3333333333333333,1.0,0.47011993742395275,0.1837263350148293,0.5,0.0,0.8385440413403534,0.6666666666666665,0.3333333333333333,0.0,0.6901742461475739,0.5065652750647205,0.7642919964819703,0.6042501364217416,-0.12359418557009594,0.2920800607152252,0.5891389903077986,1.0,1.0,0.0,0.0,1,1.45
117,1.0,0.6151648825790379,0.0,0.0,0.3333333333333333,0.5,0.24382061533113164,0.5417071355202834,0.0,0.0,0.015928901595115674,0.33333333333333326,0.0,0.0,0.55814245993078,0.7355380174667103,0.437554969217238,0.9256771402426747,1.019579126685331,0.575974467412681,0.52015138473842,0.5,1.0,0.0,0.0,0,1.56
118,1.0,0.6263618190310591,0.0,0.0,0.6666666666666666,0.5,0.40018251347123246,1.0485195943532069,0.0,0.0,0.3563672955986251,0.33333333333333326,0.0,0.0,0.27214698175767493,0.6468701064241658,0.5300131926121376,0.9713540757760508,0.7060246526135305,0.5861381150397635,0.33626047263368064,0.5,1.0,0.0,0.0,1,1.76
119,0.0,0.5525039240741316,0.0,0.0,1.0,0.5,0.5565357204936555,0.24797130697183614,0.0,0.0,0.3638681889683024,0.33333333333333326,0.0,0.0,0.03154615857411747,0.08558056925716873,0.5954265611257692,0.004214079063890831,0.055561822250414394,0.62874385915284,0.8790354948112875,0.5,1.0,0.0,0.0,0,2.28
120,1.0,0.19837267050983076,0.0,0.0,0.0,0.5,-0.03444289935685729,0.5113174913260925,0.0,0.0,-0.07226152300414812,0.16666666666666652,0.0,0.0,0.7798846247736337,0.5559553628111469,0.15413368513632308,0.8102046212180329,0.434395294185836,0.07252443056802305,0.540137683256571,0.0,1.0,0.0,0.0,1,1.72
121,0.0,0.38561494714368116,0.3333333333333333,0.0,0.6666666666666666,0.5,0.38266122023292193,0.9460648553821615,0.0,0.0,0.15714434776875685,0.33333333333333326,0.3333333333333333,0.0,0.1461740329551855,0.32338477521764775,0.4156772207563759,0.1125427737092308,0.3512084688409143,0.33305406920157976,0.19705959185410804,0.5,0.6666666666666665,0.0,0.0,1,1.94
122,0.0,0.7093352386830118,0.3333333333333333,0.0,0.6666666666666666,0.5,0.5045715278984878,0.34171547838937677,0.0,0.0,0.4951490225947355,0.5,0.3333333333333333,0.0,0.3571690586926215,0.1331111390624211,0.6132365875109937,0.0,0.49311776461297097,0.660733393330692,0.43462368360038206,1.0,0.8333333333333333,0.0,0.3333333333333333,1,1.87
123,0.0,0.7962373581253179,0.3333333333333333,0.0,0.6666666666666666,0.5,0.6264818355640535,0.23045007559819417,0.0,0.0,0.6298164759690662,0.6666666666666665,0.3333333333333333,0.0,0.45636839956498343,0.11509357396751141,0.8385004397537377,0.0,0.6047592989625423,0.8100515376803372,0.5807920571571512,1.0,1.0,0.0,0.3333333333333333,1,2.16
124,0.0,0.49563765825839745,0.3333333333333333,0.0,0.6666666666666666,0.5,0.6264818355640535,0.20919793659457356,0.0,0.0,0.5654228618986582,0.6666666666666665,0.3333333333333333,0.0,0.3559306177095347,0.25252745604964977,0.8218997361477571,0.8713569006897587,0.5590588579520519,0.6341309900760375,0.5395258975542219,1.0,1.0,0.0,0.3333333333333333,1,2.31
125,0.0,0.4698589634474084,0.3333333333333333,0.0,0.6666666666666666,0.5,0.6264818355640535,0.7491169458159731,0.0,0.0,0.7628362397029559,0.6666666666666665,0.3333333333333333,0.0,0.38741309076915864,0.20760650106397183,0.837620932277924,0.7979400097782752,0.8240439000083599,0.6191034308002705,0.5308771181506273,1.0,1.0,0.0,0.0,0,2.32
126,0.0,1.0920299317178332,0.3333333333333333,0.0,0.6666666666666666,0.5,0.7483921432296193,0.3427402963834,0.0,0.0,0.8088496590278432,0.833333333333333,0.3333333333333333,0.0,0.6216545206551156,0.29235174069600056,1.0634344766930521,0.0,0.5984979121493312,1.1034806102975487,0.7811797512421195,0.5,1.1666666666666665,0.0,0.3333333333333333,1,2.56
127,0.0,0.6333992463238038,0.3333333333333333,0.0,0.6666666666666666,0.5,0.7483921432296193,0.22332092526494438,0.0,0.0,0.896281912437448,0.833333333333333,0.3333333333333333,0.0,0.45976563365197354,0.14253849494985715,1.0576077396657868,0.8687015775956112,0.6148551613965649,0.8274357266333836,0.6785745063412447,1.0,1.1666666666666665,0.0,0.3333333333333333,0,2.57
128,0.0,0.4513700950275332,0.3333333333333333,0.0,0.6666666666666666,0.5,0.7483921432296193,0.3078720761423979,0.0,0.0,0.8826947765827079,0.833333333333333,0.3333333333333333,0.0,0.4246065064451734,0.19330162491704428,1.0421064204045734,0.891879434691461,0.734914254845993,0.7038222012544355,0.645408287523094,1.0,1.1666666666666665,0.0,0.3333333333333333,0,2.5
129,0.0,0.5938413408175713,0.0,0.0,0.6666666666666666,0.5,0.40018251347123246,0.5457377484454264,0.0,0.0,0.3320144621681417,0.33333333333333326,0.0,0.0,0.25268581162897896,0.20421608322069496,0.5334212840809145,0.0,-0.08095771677374275,0.5481293682835302,0.39326535148227637,0.5,1.0,0.0,0.0,1,2.04
130,0.0,0.5627867235021244,0.0,0.0,0.6666666666666666,0.5,0.40018251347123246,0.7023301569712717,0.0,0.0,0.3606715098205434,0.33333333333333326,0.0,0.0,0.3439077571325102,0.28816447673944756,0.52792436235708,1.094179340395747,0.07692942558286475,0.5209369320712227,0.420234879548508,0.5,1.0,0.0,0.0,1,1.81
131,1.0,0.6036175542602047,0.0,0.0,0.6666666666666666,0.5,0.40018251347123246,1.0485196315899357,0.0,0.0,0.013669790592766795,0.33333333333333326,0.0,0.0,0.1982391173072635,0.553632966511465,0.5300131926121376,1.0540877036812664,1.04154136926892,0.6352342701145051,0.3100289241848846,0.5,1.0,0.0,0.0,1,1.76
132,1.0,0.13012162288636064,0.3333333333333333,0.0,0.0,0.5,-0.05196419259516777,0.5256345736061276,0.0,0.0,0.05516951556295979,0.16666666666666652,0.3333333333333333,0.0,0.7476704140087432,0.5398986439618891,0.050351802990324934,0.8290829575835537,0.10676613041928285,-0.04108283233602972,0.4637501983957193,0.0,0.5,0.0,0.0,1,1.29
133,1.0,0.3076415092020177,0.3333333333333333,0.0,0.0,0.5,0.19185642273596393,0.5240107827249829,0.0,0.0,0.5020863554559031,0.5,0.3333333333333333,0.0,0.8448972511930302,0.42587403790984535,0.4655892700087949,0.7877125736636129,0.6315007608416554,0.30802489840998737,0.7384054094925108,0.0,0.8333333333333333,0.0,0.0,0,2.23
134,1.0,0.5182303073119896,0.3333333333333333,0.0,0.0,0.5,0.43567703806709535,0.5158416138822848,0.0,0.0,1.0233262310297446,0.833333333333333,0.3333333333333333,0.0,0.9263536674998536,0.35147769304377663,0.9215039577836412,0.6376477450255512,0.6581523894244432,0.6866101049649305,1.0011802578162676,0.0,1.1666666666666665,0.0,0.0,0,3.03
135,1.0,0.21586959215739254,0.0,0.0,0.0,0.5,0.08746740830870847,0.5095007751216847,0.0,0.0,0.30636604457153493,0.33333333333333326,0.0,0.0,0.7875718805632653,0.44592422883045524,0.39017150395778355,0.8819795478474892,0.4777518703297723,0.22051419964727526,0.67707636575313,0.0,1.0,0.0,0.0,1,2.23
136,1.0,0.4922165407439705,0.6666666666666667,0.0,0.0,0.5,0.41815574482878504,0.5160713348239666,0.0,0.0,0.32297853243065944,0.833333333333333,0.6666666666666666,0.0,0.8687695327449494,0.38684542543291167,0.8268469656992083,0.9736752890189786,1.1033883333927328,0.6749617882805548,0.9615974830758529,0.0,0.4444444444444442,0.0,0.0,0,3.26
137,0.0,0.6204813118136143,0.6666666666666667,0.0,0.6666666666666666,0.5,0.7308708499913089,0.7439051345061629,0.0,0.0,0.9283072330975982,0.833333333333333,0.6666666666666666,0.0,0.37101625240724956,0.17457022859180515,0.9730650835532102,0.6214381562932256,0.9502765411759002,0.8896918631724038,0.6018565492918388,1.0,0.4444444444444442,0.0,0.0,1,2.53
138,0.0,0.6274420683280648,0.3333333333333333,0.0,1.0,0.5,0.660924734920911,1.0520846823457843,0.0,0.0,0.6025444787891671,0.5,0.3333333333333333,1.0,0.11053498074608603,0.03738091195374871,0.7143799472295518,0.0,0.25824334580579933,0.6819743553672448,0.9008527516343392,1.0,0.6666666666666665,0.0,0.6666666666666666,0,2.54
139,0.0,0.5387360525748024,0.3333333333333333,0.0,1.0,0.5,0.5390144272553451,1.0609235666120176,0.0,0.0,0.45396118811811903,0.33333333333333326,0.3333333333333333,1.0,-0.01292016198505097,0.07242807882845437,0.49637203166226884,0.012379363370499831,0.3814200562487349,0.5369920130923167,0.7923364773403248,1.0,0.5,0.0,0.6666666666666666,0,1.79
140,0.0,0.5887884471897382,0.3333333333333333,0.0,1.0,0.5,0.5390144272553451,0.6080755725546341,0.0,0.0,0.39457117407956177,0.33333333333333326,0.3333333333333333,0.5,0.03120656804787547,0.006270844615265947,0.4926341248900612,0.004126454456833276,-0.1046099074248441,0.5402336082222292,0.7664135569433563,1.0,0.5,0.0,0.6666666666666666,1,2.16
141,1.0,0.5578947680248341,0.3333333333333333,0.0,0.6666666666666666,0.5,0.38266122023292193,0.8445256646073482,0.0,0.0,0.3937933083692716,0.33333333333333326,0.3333333333333333,1.0,0.13792295196112847,0.526582861559334,0.4215039577836408,1.1467019042334297,0.5280700396265487,0.5123117716402605,0.23950226242309447,1.0,0.5,0.0,0.6666666666666666,1,1.64
142,1.0,0.6808765807498802,0.3333333333333333,0.0,0.6666666666666666,0.5,0.38266122023292193,0.5526035717369632,0.0,0.0,0.3331974394383268,0.33333333333333326,0.3333333333333333,0.5,0.2529305275836531,0.5351124872727304,0.4233729111697446,1.0738954341233706,-0.06734952866274391,0.5191397035763821,0.2627471216322004,1.0,0.5,0.0,0.6666666666666666,1,1.36
143,1.0,0.163281526267141,0.3333333333333333,0.0,0.0,0.5,0.06994611507039805,0.5226288313959698,0.0,0.0,0.2267017984176236,0.33333333333333326,0.3333333333333333,1.0,0.7777571707969019,0.4472590320641219,0.2781442392260334,0.8318046492466413,0.5940829009627366,0.11399044594005225,0.6159797766008013,0.0,0.5,0.0,0.6666666666666666,0,1.83
144,1.0,0.2330540447149776,0.3333333333333333,0.0,0.0,0.5,0.06994611507039805,0.5289117544357723,0.0,0.0,0.4208576226262969,0.33333333333333326,0.3333333333333333,0.5,0.7867220495899112,0.3530362890451091,0.2792436235708,0.8637971357561273,0.042523978297198894,0.17478873467529255,0.634471381633031,0.0,0.5,0.0,0.6666666666666666,0,1.64
145,1.0,0.24675170828355641,0.6666666666666667,0.0,0.0,0.5,0.1743351294976534,0.5323260675557278,0.0,0.0,0.3534804951931728,0.5,0.6666666666666666,0.0,0.782166309732818,0.4157836511955866,0.39654793315743175,0.8502441127415377,0.12096993843202952,0.25473841576834655,0.7013916251303347,0.0,0.2222222222222221,0.0,0.3333333333333333,1,2.08
146,0.0,0.5667376181346087,0.6666666666666667,0.0,0.6666666666666666,0.5,0.4870502346601774,1.1637103387101746,0.0,0.0,0.5206820353035093,0.5,0.6666666666666666,0.0,0.15692275705965542,0.2414823705079121,0.5479331574318378,0.32099366020037345,0.15167304613256594,0.606132418671844,0.31260151153932547,1.0,0.2222222222222221,0.0,0.6666666666666666,0,2.04
